Particulars,Voucher Type
CARIPILL (15 TAB),Pharma
STREPSILS LOZENGES 1*8,Pharma
PAMPER PANTS L30,Pharma
MONTEWOK-LC (10 TAB),Pharma
UNIENZYME (15 TAB),Pharma
HAJMOLA CANDY,Pharma
NICIP PLUS TAB,Pharma
VICKS COUGH DROPS,Pharma
COTTON 50 GM,Pharma
ORAL- B BRUSH 25RS,Pharma
JOHNSONS BUDS (30N),Pharma
STIM TONGUE CLEANER,Pharma
SENSODYNE RAPID RELIFE (40GM),Pharma
CETAPHIL GENTLE SKIN CLS. (125ML),Pharma
OKACET (10TAB),Pharma
FLEXON SUSP. 60 ML,Pharma
WHISPER BINDAZ NIGHTS XXL+ 6 PCS,Pharma
M EARTH WET WIPES 15NOS,Pharma
DABUR MESWAK TOOTHPASTE (100GM),Pharma
CIPZOX (6 TAB),Pharma
NEUROBION FORTE (30 TAB ),Pharma
DOLO 650 (15TAB),Pharma
VICKS ACTION 500 (10 TAB),Pharma
ORS PROLYTE ORANGE (200ML),Pharma
HAJMOLA SACHET,Pharma
REFRESH TEARS E/D (10ML),Pharma
CEPODEM 200MG  (10TAB),Pharma
ZERODOL SP (10 TAB),Pharma
RABESEC DSR (10CAP),Pharma
VIGORE 100 MG TAB,Pharma
VASELINE BODY LOTION  20 ML,Pharma
HIPRES 50MG (14 TAB),Pharma
RETINO A 0.025% 20 GM,Pharma
RETINO A 0.5% 20 GM,Pharma
DABUR HONITUS CANDY,Pharma
PANTOSEC 40MG (10 TAB),Pharma
PG MORE 75MG (10 CAP),Pharma
SPASMONIL (10 TAB),Pharma
NATURAL MINI WATER 200ML,Pharma
CETJOINT FORTE (30 TAB),Pharma
HIMALAYA LIV 52 SYRUP (200ML),Pharma
TETMOSOL SOAP,Pharma
PARACIP 500MG (10TAB),Pharma
AZICIP 500MG (3 TAB),Pharma
PANTOSEC DSR (10CAP),Pharma
EYEMIST EYE GEl (10GM),Pharma
ACILOC RD 20 (15 TAB),Pharma
ZERODOL P (10 TAB),Pharma
AIM 7 60XR (15 TAB),Pharma
VALERA 5MG (15 TAB),Pharma
MAXIRICH (10 CAP),Pharma
ACILOC 150MG (30 TAB),Pharma
VOMIFORD 8 MD (10TAB),Pharma
OKACET L ( 10 TAB),Pharma
ORS PROLYTE APPLE (200ML),Pharma
RANCAD 500MG (15 TAB),Pharma
CLOPIVAS AP 150 (15 TAB),Pharma
METOLAR XR 25 (15 CAP),Pharma
AMARYL 2MG (30 TAB),Pharma
ATORVA 40 MG (10 TAB),Pharma
JANUMET 50/1000 (15 TAB),Pharma
TENORMIN 25MG (14 TAB),Pharma
NEW GTN 2.6 (10 TAB),Pharma
OMNICLAVE 375 TAB,Pharma
KETOFORD DT (10 TAB),Pharma
URIMAX 0.4MG (20 CAP),Pharma
DUTAS 0.5MG (30 CAP),Pharma
FLAVEDON MR (10 TAB),Pharma
BUDAMATE TRANSHALER (200MCG),Pharma
BUDAMATE TRANSHALER (400MCG),Pharma
AUGMENTINE DUO 625MG (10 TAB),Pharma
LYSER D (15 TAB),Pharma
(CLOSED) LIVEASY BAND AID ADHESIVE,Pharma
I KUL E/D,Pharma
OLMIN 20MG (10 TAB),Pharma
BETNESOL - N E/E DROPS 3 ML,Pharma
WINCOLD -Z ( 10 TAB),Pharma
OTRIVIN MOIST A NASAL DROPS (10ML),Pharma
ACILOC 300MG (20 TAB),Pharma
SPORLAC (20 TAB),Pharma
COFSILS MIX LOZENGES 10 NOS,Pharma
KOHINOOR PINK 1*3,Pharma
GELUSIL (15 TAB),Pharma
DEXORANGE SYRUP (200ML),Pharma
DABUR PUDIN HARA (10 CAP),Pharma
M.POKO STD M1,Pharma
MEDLER (10 TAB),Pharma
UNWANTED 72 TAB 1 NOS,Pharma
RELIEF (10TAB),Pharma
WAX-EL EAR DROPS 10ML,Pharma
REXCOF DX NF 100 ML,Pharma
DENVER DEO (165ML),Pharma
DISPRIN (10TAB),Pharma
SUALIN SACHET,Pharma
PREGA NEWS TEST STRIP 1 NOS,Pharma
DETTOL LIQUID SOAP (100ML),Pharma
SENSODYNE FRESH MINT (75GM),Pharma
DETTOL SOAP ORIGINAL 10RS,Pharma
BORO PLUS SOFT AYURVEDIC CREAM  (25ML),Pharma
HIMALAYA TENTEX ROYAL (10 CAP),Pharma
ZANDU VIGOREX GOLD (10 CAP),Pharma
MANFORCE 50 MG TAB,Pharma
PILTOP DSR ( 10 CAP),Pharma
MEFTAL SPAS (10 TAB),Pharma
CEFADROX 500MG (10 TAB),Pharma
(CLOSED) ENO LEMON POUCH,Pharma
PARACIP 650 (10TAB),Pharma
BECOSULES (20 CAP),Pharma
COMBIFLAM (20 TAB),Pharma
KETOROL DT (15 TAB),Pharma
ECONORM 250 MG (6TAB),Pharma
VICKS VAPORUB (50ML),Pharma
GAS O FAST ACTIVE JEERA POWDER 5 GM,Pharma
OTRIVIN OXY ADULT NASAL SPRAY (10ML),Pharma
REVITAL H (10CAP),Pharma
OFLOSTAR OZ,Pharma
ROKO CAP (10 CAP),Pharma
LACTOCIP DS (15TAB),Pharma
PAMPER PANTS XL20,Pharma
CORN CAP,Pharma
TELMA AM (15 TAB),Pharma
Dabur HINGOLI SACHET,Pharma
NEO MERCAZOLE 10MG (120 TAB),Pharma
PRIMOLUT N (10 TAB),Pharma
CIPCAL D3 SACHET,Pharma
INTAGESIC-MR (10 TAB),Pharma
ORTHODEX GEL (15GM),Pharma
ORG IND TULSI GREEN TEA LEMON GINGER,Pharma
ORG IND TULSI GINGER,Pharma
M EARTH M S FACE CREAM BABIES 60GM,Pharma
M EARTH MOIST BABY DAILY LOTION (200ML),Pharma
KUFFDRYL COUGH SYRUP (100ML),Pharma
ZERODOL 100MG (10 TAB),Pharma
PEPFIZ TAB 2 TAB,Pharma
SARIDON (10TAB),Pharma
COFDEX 100 ML,Pharma
THYRONORM 75 MCG (120 TAB),Pharma
LEFRA-10MG (10 TAB),Pharma
MEDROL 4MG (10 TAB),Pharma
TAZLOC AM 40 (10 TAB),Pharma
HCQS 400MG (10 TAB),Pharma
ARKAMIN (30 TAB),Pharma
VYSOV 50MG (15 TAB),Pharma
VOGLINORM GM FORTE 2 (10 TAB),Pharma
VICKS INHALER 2NOS SET,Pharma
DABUR ASHWAGANDHA CHURNA (60GM),Pharma
CHESTON COLD ( 10 TAB),Pharma
DABUR HONITUS LOZENGES,Pharma
RESCURE 3PLY MASK,Pharma
VOMISTOP 10 MG TAB,Pharma
(CLOSED )CALCIJOINT D3 SHOT 4*5ML,Pharma
HIMALAYA GOKSHURA (60 TAB),Pharma
DESOWEN CREAM (10GM),Pharma
GA 6% CREAM (30GM),Pharma
DABUR LAVANBHASKAR CHURNA (60GM),Pharma
CIPRODAC 500MG (10 TAB),Pharma
GLYCO 6% CREAM (30GM),Pharma
DICLOWIN PLUS (10TAB),Pharma
MYTICOM E/D (5 ML),Pharma
VENUSIA MAX CREAM 150 GM,Pharma
PAMPER PANTS L22,Pharma
ASTHALIN INHALER (100MCG),Pharma
CALCIGEN D3 (4 CAP),Pharma
PILPAN-40,Pharma
OMNIGEL GEL (50GM),Pharma
SPORLAC AB 1 GM BANANA SACHET,Pharma
DETTOL POWDER HANDWASH 8GM,Pharma
JOHNSONS BUDS (15N),Pharma
CLEARWAX EAR DROPS (10ML),Pharma
RING GUARD (12GM),Pharma
URIKIND KM SACHET (5GM),Pharma
SAT ISABGOL TEL. Sachet 10gm,Pharma
PONDS POWDER DREAMFLOWER 100GM,Pharma
NICIP P TAB(10TAB),Pharma
BETONIN AST SYRUP (200ML),Pharma
DAPAONE M 10/1000 (10 TAB),Pharma
PANTOP 40MG (15 TAB),Pharma
ONDEM MD 4MG (10 TAB),Pharma
OFLOX 400MG (10 TAB),Pharma
PROTINEX VANILLA 250 GM,Pharma
CIPLOX TZ (10 TAB),Pharma
DIGENE ASSORTED (15 TAB),Pharma
COLGATE SENSITIVE PLUS TOOTHPASTE 70GM,Pharma
CYCLOPAM (10 TAB),Pharma
INSUGEN R INJECTION 40IU/ML (10ML),Pharma
LOSAR A (15 TAB),Pharma
ME 12 OD (15 TAB),Pharma
(CLOSED) ARBITEL TRIO 50 MG,Pharma
SKORE 3PC 30RS,Pharma
METROGYL 400MG (15 TAB),Pharma
ENTEROQUINOL (20 TAB),Pharma
SF SECURE COTTONY REGULAR (6 NOS),Pharma
NFLOX B 400MG (10 TAB),Pharma
BOROLINE CREAM 20 GM,Pharma
VASELINE DAILY BRIGHTENING LOTION 200ML,Pharma
CIPMOX 500MG (15CAP),Pharma
HIMALAYA LIV 52 DS (60 TAB),Pharma
UDILIV 300MG (15 TAB),Pharma
SPRAYMINT 15 GM,Pharma
ROSEDAY A 10 (10 CAP),Pharma
HIT BLACK 400ML,Pharma
ASCORIL SF COUGH SYRUP (100ML),Pharma
CLOCIP CREAM (15GM),Pharma
PATE SAFA GRANULES (120GM),Pharma
PAMPER PANTS L12,Pharma
CLINDAC A GEL 1% (20GM),Pharma
SAFI SYRUP (200ML),Pharma
SOMPRAZ 40MG (15 TAB),Pharma
LESURIDE (10 TAB),Pharma
NICIP TAB ( 10 TAB),Pharma
(CLOSED) BETNESOL (10 TAB),Pharma
MINOLAST FX (10TAB),Pharma
NORFLOX TZ (10 TAB),Pharma
BECOSULES Z (20 CAP),Pharma
GARNIER MEN ACNO FIGHT F/W 100GM,Pharma
SAFE SHIELD 3PLY MASK BLUE,Pharma
EBAST 20MG (10 TAB),Pharma
OCID 20MG (20 CAP),Pharma
GELUSIL SYRUP (200ML) SF,Pharma
CALCIMAX FORTE PLUS (30 TAB),Pharma
IODEX (8GM),Pharma
ORG IND TULSI GREEN TEA CLASSIC,Pharma
HIMALAYA GERIFORTE (100ML),Pharma
ISOTINE E/D (10ML),Pharma
EMOLENE CREAM (100GM),Pharma
CETAPHIL MOISTIRIZER CRM 250 GM,Pharma
VEET HR CREAM MEN N SKIN (30GM),Pharma
LAKME PEACH MILK SOFT CREAM  25GM,Pharma
CIPLOX E/D (10ML),Pharma
SUPRADYN IMMUNO PLUS (10 TAB),Pharma
VOVERAN SR 75 (10 TAB),Pharma
SF SECURE COTTONY XL WITH WINGS 6NOS,Pharma
ASCORIL PLUS EXP COUGH SYRUP (120ML),Pharma
EVION 600MG (10 CAP),Pharma
PERFECT ORTHOPAEDIC HEATING BAG VELVET POCKET,Pharma
CROCIN ADVANCE 500MG (20TAB),Pharma
ENO LEM 6*30GM PACK,Pharma
DEFCORT 6MG (10 TAB),Pharma
RESCURE 3PLY MASK BLACK,Pharma
SEVENSEAS (100 CAP),Pharma
ALPHAGAN P E/D (5ML),Pharma
ACCU CHECK INSTANT STRIPS (50N),Pharma
HAJMOLA SHISHI IMLI,Pharma
THERMOMETER DIGITAL DR ODIN,Pharma
CELIN 500 (25 TAB),Pharma
ORG IND SIMPLY CHAMOMILE,Pharma
ZIFI 200MG (10 TAB),Pharma
SOFY BODY FIT HYGENIE XL (6NOS),Pharma
MOOV CREAM (50GM),Pharma
MONTAIR LC (15 TAB),Pharma
COSOPT EYE DROP,Pharma
ORBIT,Pharma
SYNDOPA PLUS ( 15 TAB),Pharma
AMARYL M 1 (20 TAB),Pharma
ATARAX 25 MG (15 TAB),Pharma
RASALECT 1MG (10 TAB),Pharma
ROSIFLEX-C (20 CAP),Pharma
SHELCAL HD (15 TAB),Pharma
ORCERIN (10 CAP),Pharma
ROPARK XL 1 (10 TAB),Pharma
WHISPER CHOICE ULTRA XL 6NOS,Pharma
SILODAL 8MG (10 CAP),Pharma
UROTONE 25MG (10 TAB),Pharma
ORS POWDER ORANGE,Pharma
PATANJALI FACIAL FOAM F/W 60GM,Pharma
HIMALAYA GASEX (100 TAB),Pharma
OPTIVE E/D (10ML),Pharma
NEUTROGENA ULTRA SHEER SPF50 (30GM),Pharma
NEO MERCAZOLE 5MG (120 TAB),Pharma
PAMPER PANTS S2,Pharma
MOKCAN CV 625 TAB,Pharma
BRUFEN 200MG (15 TAB),Pharma
VELTAM-0.4MG (15 TAB),Pharma
SEPTRAN DS (10 TAB),Pharma
LONAZEP MD 0.5MG (10 TAB) NRX,Pharma
GLYCOLATE 2MG (10 TAB),Pharma
NEXITO 5MG (10 TAB),Pharma
MUCAINE GEL MINT SYRUP (200ML),Pharma
LANZOL 30MG (10 CAP),Pharma
LORFAST MELTAB (10 TAB),Pharma
SPASMONIL PLUS (10TAB),Pharma
FIGARO OLIVE OIL (100ML),Pharma
SOFY ANTIBACTERIA XL (7NOS),Pharma
ETOSHINE 90MG (10 TAB),Pharma
VICKS INHALER 0.5 ML,Pharma
WHISPER CHOICE REGULAR 6NOS,Pharma
ALERID 10MG (10 TAB),Pharma
SCISSORS,Pharma
TELMA 40MG (15 TAB),Pharma
QUADRIDERM RF CREAM (5GM),Pharma
LULIFORD CREAM (10GM),Pharma
VICKS VAPORUB (10ML),Pharma
ALL OUT REFIL,Pharma
HAJMOLA SHISHI REGULAR,Pharma
MOVEXX MR (10TAB),Pharma
NAXDOM 500MG (15 TAB),Pharma
AMLOPRES AT 25MG (15 TAB),Pharma
RAZO 20MG (15 TAB),Pharma
DYTOR PLUS 10 (15 TAB),Pharma
TELVAS 40MG (15 TAB),Pharma
AMARYL M 2 (10 TAB),Pharma
VERTIN 16MG (15 TAB),Pharma
STEMETIL MD (15 TAB),Pharma
DE -CAL TAB,Pharma
RABESEC 20MG (10 TAB),Pharma
NEKO SOAP  (100GM),Pharma
NASOCLEAR NASAL SPRAY (20ML),Pharma
COLICAID DROPS (15ML),Pharma
NEERI SYRUP (200ML),Pharma
MANFORCE 1*10,Pharma
CERELAC NO.8 WHEAT APPLE CHERRY,Pharma
SUPRADYN DAILY (15TAB),Pharma
SEBAMED BABY CLEANSING BAR,Pharma
STIM FLOSAL,Pharma
WHISPER ULTRA HYGIENE XL+ 7PCS,Pharma
PONDS COLD CREAM 10RS,Pharma
REESHAPE (15 CAP),Pharma
VOVERAN SR 100 (15 TAB),Pharma
BUDECORT RESPULES (0.5MG),Pharma
NICOTEX 4MG TIN PACK,Pharma
(Closed) VENPRES AM TAB,Pharma
VENIZ XR 75 (10 CAP),Pharma
TELPIL H (10 TAB),Pharma
BIFILAC HP (10 CAP),Pharma
CREPE BANDAGE 15CM (6 INCH.),Pharma
OMNIGEL GEL (20GM),Pharma
I CAN CARD,Pharma
KT 5 DERM CREAM (15GM),Pharma
FLUKA 150MG ( 1 TAB),Pharma
URSOCOL 300MG (15 TAB),Pharma
CARDIVAS 3.125MG (10 TAB),Pharma
COTTON BANDAGE 5 CM (2 inch.),Pharma
SENSODYNE FRESH GEL (40GM),Pharma
ICLEAR E/D (10ML),Pharma
PONDS SUPER LIGHT GEL 25GM,Pharma
FLOMIST NASAL SPRAY,Pharma
PEESAFE TOILET SEAT SPRAY (75ML),Pharma
ALEX LOZENGES (10 TAB) SF,Pharma
HEXIDINE MOUTHWASH (160ML),Pharma
SENSODENT K PASTE 50 GM,Pharma
OMNIGEL GEL (75GM),Pharma
UVEDGE SUNSCREEN GEL SPF50 (50ML),Pharma
ULGEL SAUNF SYRUP (200ML),Pharma
DOLOMED MR (10 TAB),Pharma
CROCIN 650 (15TAB),Pharma
TDS GEL (50GM),Pharma
D COLD TOTAL 4X6 BLISTER,Pharma
GLUCONORM ZXR FORTE 60 (10 TAB),Pharma
BECADEXAMIN (30 CAP),Pharma
CROCIN PAIN RELIEF (15TAB),Pharma
BUSCOGAST 10MG (10 TAB),Pharma
EVERYUTH SCRUB 50 GM,Pharma
NIVEA CREAM 30 GM,Pharma
VASELINE LIP CARE,Pharma
LAKME PEACH MILK MOISTURISER 60 ML,Pharma
GAVISCON SYRUP (150ML),Pharma
SYSTANE GEL E/D (10ML),Pharma
THYRONORM 88 MCG (120 TAB),Pharma
EVA DEO MIX  40ML,Pharma
NAPROSYN 500 + ( 10 Tab),Pharma
CASTOR NF CREAM (25GM),Pharma
ITONE E/D (10ML),Pharma
HIMALAYA LIV 52 (100 TAB),Pharma
BABIT BABY CARE WET WIPES 25 NOS,Pharma
HAMDARD JOSHINA COUGH SYRUP (200ML),Pharma
HIMALAYA KOFLET CANDY,Pharma
(CLOSED) SUALIN 50 TAB,Pharma
(CLOSED) EVION 400,Pharma
DAZIT 5MG (15 TAB),Pharma
LIMCEE 500MG (15TAB),Pharma
CLINIC PLUS HAIR OIL (100ML),Pharma
AMOXYCLAV 625MG (10 TAB),Pharma
HIMALAYA WALNUT SCRUB (50GM),Pharma
VILACT M 1000 (10 TAB),Pharma
EKRAN LOTION (50GM),Pharma
HEADSET (2 TAB),Pharma
JOHNSONS BABY CREAM (50GM),Pharma
EVA FRESH DEO,Pharma
LAKME SUN EXPERT SPF 50 (18ML),Pharma
GARNIER MEN BRIGHTENING F/W 50GM,Pharma
NIVEA CREAM 60ML,Pharma
DAPANORM DUO-10 (10 TAB),Pharma
MULTANI KUKA COUGH LOZENGES,Pharma
HIFENAC P (15 TAB),Pharma
MECOFOL OD (10TAB),Pharma
PAPER SOAP,Pharma
NEROCARE FORTE INJECTION,Pharma
WHISPER ULTRA SOFT AIR FRESH XL+ 15 PADS,Pharma
ORG IND TULSI HONEY CHAMOMILE,Pharma
ELTROXIN 50 MCG (120 TAB),Pharma
ORAL B BRUSH 20RS,Pharma
ONDERO 5MG (10 TAB),Pharma
GLICRITE XR 60 (10 TAB),Pharma
RANTAC 150 MG (30 TAB),Pharma
CIPLAR LA 40 (15 TAB),Pharma
PARK AVENUE DEO SHOT 40ML,Pharma
DABUR GULABRI GOLD CREAM,Pharma
VITAFOL (30 TAB),Pharma
MEGALIS 10MG ( 4 TAB),Pharma
LISTERINE ORIGINAL M/W (80ML),Pharma
DETTOL ANTISEPTIC LIQUID (125ML),Pharma
CARCA CR 20MG (15 TAB),Pharma
SUPRACAL PRO PLUS (15 TAB),Pharma
AXOGURD SR (10 TAB),Pharma
EVION LC (10 TAB),Pharma
FUCIDIN CREAM (5GM),Pharma
DILZEM CD 90 (10 CAP),Pharma
ULTRACET (15 TAB) NRX,Pharma
OMESEC 20MG (10 CAP),Pharma
GLISEN PM 1 (15 TAB),Pharma
GLISEN PM 2 (15 TAB),Pharma
ROZUCOR GOLD 20 (10 CAP),Pharma
CETAPHIL DAM 100 GM,Pharma
SEBAMED CLEAR FACE CLEANSING FOAM  50 ML,Pharma
ARBITEL MT 25 (7 TAB),Pharma
VASELINE  DAILY BRIGHTENING LOTION 400ML,Pharma
COZYMIN SYRUP (60ML),Pharma
GLIZID 80MG (15 TAB),Pharma
LIFEBUOY HAND SANITIZER 50ML,Pharma
VASOGRAIN (14 TAB),Pharma
TEARS PLUS E/D,Pharma
PARACHUTE OIL (175ML),Pharma
PONDS COLD 55 ML,Pharma
COLGATE MAXFRESH MOUTHWASH BLUE (250ML),Pharma
CHICCO FEED EASY BOTTLE 125ML,Pharma
BECO ONE PLUS CAP,Pharma
ISOTROIN 20MG (15 CAP),Pharma
MULTANI KUKA SYP 100ML (GREEN),Pharma
EZACT MR (10 TAB),Pharma
FLURISH (1 TAB),Pharma
PONDS PURE DETOX F/W (50GM),Pharma
ORG IND TULSI GREEN TEA  HONEY LEMON,Pharma
GLIMESTAR  M2 (10 TAB),Pharma
GARNIER MEN DOUBLE ACTION F/W 100MG,Pharma
LECOPE 5MG (10 TAB),Pharma
AVOMINE 25MG (10 TAB),Pharma
ORATIL 500MG (10 TAB),Pharma
SIGNOFLAM (10 TAB),Pharma
AMLIP 5MG ( 10 TAB),Pharma
ECOSPRIN 75MG (14 TAB),Pharma
KETOCIP CT SOAP (75GM),Pharma
LUMIGAN 0.1 % E/D (3ML),Pharma
MOOV SPRAY (35GM),Pharma
MOVEXX SP (10TAB),Pharma
ORASORE GEL (12GM),Pharma
SAT ISABGOL TEL. 200 GM,Pharma
DUOLIN INHALER,Pharma
SPORLAC DS (20 TAB),Pharma
METROGYL ER (10 TAB),Pharma
GLUCOVITA VITAMIN C,Pharma
GLUCON D NIMBU PANI 125GM,Pharma
NATURAL MINERAL WATER 1 LTR,Pharma
GPM SR 1 (10 TAB),Pharma
POLO,Pharma
PARACHUTE OIL (250ML),Pharma
DIGENE MINT GEL 450 ML,Pharma
CITRALKA LIQUID (100 ML),Pharma
DABUR CHYAWANPRASH 950GM,Pharma
NYCIL COOL CLASSIC POWDER,Pharma
PONDS BODY LOTION (90ML),Pharma
PANTOCID 20MG (15 TAB),Pharma
DABUR HINGOLI  BOTTLE,Pharma
(Closed) HIMALAYA ANTI HAIR FALL SHAMPOO 200ML,Pharma
CHICCO PASTE 12MN TO 6YRS,Pharma
GLYCOMET GP 2 FORTE (10 TAB),Pharma
CLOVE OIL 2 ML,Pharma
AMARYL M 2 FORTE (15 TAB),Pharma
V WASH (100ML),Pharma
NICE GLYCERIN (50GM),Pharma
TUSQ DX COUGH SYRUP (100ML),Pharma
SUGAR FREE NATURA 100 PELLETS,Pharma
DAPANORM M 5 (10 TAB),Pharma
T BACT OINT (15GM),Pharma
MUOUT POWDER (119GM),Pharma
AFENAK PLUS NS (10 TAB),Pharma
BOROLINE CREAM 6 GM,Pharma
LONAZEP 0.25MG (15 TAB) NRX,Pharma
ZANDU CHYAVANPRASH 1KG,Pharma
(CLOSED) COLGATE GENTLE CLEAN BRUSH RS 30,Pharma
MANFORCE 1*3,Pharma
I PILL TAB,Pharma
THYRONORM 25 MCG (120 TAB),Pharma
JALRA-M 50/500 (15 TAB),Pharma
SF ADV ULTRA COMFORT XL 7PC,Pharma
GARNIER COLOR NO. 3,Pharma
GLYCOMET GP 1 (15 TAB),Pharma
GLYCOMET 1GM (15 TAB),Pharma
CYRA LS (10 TAB),Pharma
VICKS VAPORUB (5ML),Pharma
UNJHA KANTH SUDHARAK VATI (10GM),Pharma
SOFY ANTIBACTERIAL XL (14NOS),Pharma
TRESEMME KERATIN SMOOTH SHAMPOO 185 ML,Pharma
PEGLEC  POWDER 137.15 GM,Pharma
FLEXON SYRUP (100ML),Pharma
HIMALAYA NATURAL GLOW F/W (50ML),Pharma
PANTOSEC D ( 10 TAB),Pharma
IT-MAC 200MG (8 CAP),Pharma
DERIPHYLLIN RETARD 300 (30 TAB),Pharma
NICOTEX 2MG (12 TAB),Pharma
ROSUVAS 5MG (15 TAB),Pharma
NORLUT-N TAB,Pharma
MULTIPREX (10 CAP),Pharma
REACTINE PLUS (10 TAB),Pharma
SENSODYNE FRESH GEL (75GM),Pharma
TRAVATAN E/D (2.5ML),Pharma
ZOMELIS MET 50/1000 (15 TAB),Pharma
SPORIDEX CV 375 (10 TAB),Pharma
CIPMOX 250MG (15 CAP),Pharma
(CLOSED)GRASIM HAND SANITIZER 100 ML,Pharma
CERELAC NO 6 WHEAT APPLE CARROT,Pharma
EZORB-D3 (15 TAB),Pharma
FERROSYNE (10 TAB),Pharma
OPTIBEX TEAR DROPS,Pharma
MONTEK BL (10 TAB),Pharma
TOPISAL 3% LOTION (30ML),Pharma
CIPLADINE OINT (20GM),Pharma
EMESET SYRUP 2MG (30ML),Pharma
LIVFIT SYRUP (200ML),Pharma
DABUR HONEY (100GM),Pharma
VYLDA D 100/10 (10 TAB),Pharma
SINAREST (15 TAB),Pharma
MONTAIR LC KID SYRUP (60ML),Pharma
LEVOLIN SYRUP 1MG (100ML),Pharma
B.D ALCOHOL SWAB,Pharma
NICE GLYCERIN (20GM),Pharma
PAMPER PANTS L1,Pharma
VASELINE JELLY (40GM),Pharma
SOFY ANTI BACTERIA XL+ (6NOS),Pharma
LEVOFLOX 500MG (10 TAB),Pharma
VASELINE JELLY (20GM),Pharma
DOVE SOAP PINK 100GM,Pharma
FENAK PLUS (10TAB),Pharma
DUREX CON AIR 1*3,Pharma
HIMALAYA CONFIDO (60 TAB),Pharma
OLSAR A 40 (10 TAB),Pharma
AZEE 500MG (5 TAB),Pharma
CEFIX 200 TABS,Pharma
UPRISE D3 60K,Pharma
ZINCOVIT (15 TAB),Pharma
CIPCAL 500 (15 TAB),Pharma
OMEZ 20MG (20 CAP),Pharma
SAFE SHIELD N95 MASK HL,Pharma
JOHNSONS BABY WET WIPES 20 NOS,Pharma
TAVERA-M (10 TAB),Pharma
CETAPHIL DAM  LOTION (30GM),Pharma
CLAVAM 625 (10 TAB),Pharma
PATE SAFA TAB 14,Pharma
ALEX LS COUGH SYRUP (100ML),Pharma
COVIFIND RAPID ANTIGEN KIT,Pharma
COMFORTZ E/D (10ML),Pharma
(CLOSED)SF DRY MAX ALLNIGHT ULTRA XL 28NOS,Pharma
VICKS BABYRUB (10ML),Pharma
ZENTEL SUSPENSION (10ML),Pharma
LIVEASY BAND AID WATERPROOF,Pharma
CIPLOX 500MG (10 TAB),Pharma
ULTRA D3 SYRUP (100ML),Pharma
3M AVAGARD HAND SANITIZER (500ML),Pharma
GRILINCTUS COUGH SYRUP (100ML),Pharma
PANTOCID 40MG (15 TAB),Pharma
RABESEC LS (10 CAP),Pharma
CANESTEN CREAM (30GM),Pharma
ACNESTAR SOAP (75GM),Pharma
METROGYL GEL 2% (30GM),Pharma
WHISPER BINDAZ NIGHTS XL+ 7PCS,Pharma
CHERICOF COUGH SYRUP (100ML),Pharma
TARIFLOX,Pharma
WHISPER BINDAZZ NIGHTS XXXL 4 PCS,Pharma
RENSA FOAMING FACE WASH (100ML),Pharma
MELAGARD SUNSCREEN LOTION SPF50 (60ML),Pharma
DABUR SITOPALADI CHURNA (60GM),Pharma
LONAZEP MD 0.25MG (10 TAB) NRX,Pharma
ZEPTOL CR 200 (10 TAB),Pharma
M2 TONE SYRUP (200ML),Pharma
DEVIRY 10MG (10 TAB),Pharma
Zifi CV 200MG (10 TAB),Pharma
RESMILE S (10 TAB),Pharma
BETNESOL FORTE (20 TAB),Pharma
DABUR HONEY (50GM),Pharma
VOLITRA PLUS GEL (30GM),Pharma
RACIPER D (15 CAP),Pharma
TONOFERON DROPS (15ML),Pharma
A TO Z DROP (15ML),Pharma
SUNSHADE LOTION 50 ML,Pharma
BETT INJ.0.05(TT),Pharma
DISPOVAN SYRINGE 2 ML,Pharma
ANO BLISS CREAM (30GM),Pharma
BURN HEAL CREAM (15GM),Pharma
DABUR GULABARI ROSE WATER (250ML),Pharma
HIMALAYA ALOE VERA F/W (100ML),Pharma
HEPTAGON (10 TAB),Pharma
THIMIN  (15 TAB),Pharma
PANTOCID D (10 CAP),Pharma
HUMAN MIXTARD INJECTION 40IU/ML (10ML),Pharma
B.D SYRINGE,Pharma
AZEE  XL DRY SYRUP 100MG (30ML),Pharma
IBUGESIC PLUS SUSPENSION (100ML),Pharma
THERMOMETER DIGITAL  DT CLASSIC+,Pharma
ZILOS AM (10 TAB),Pharma
ELOSONE HT CREAM (15GM),Pharma
NITROCONTIN 2.6MG (30 TAB),Pharma
HIMALAYA PARTY SMART (5 CAP),Pharma
GABANYL 100 (10 TAB),Pharma
SAAZ (10 TAB),Pharma
ETOSHINE 120MG (10 TAB),Pharma
VIGORA 50 MG TAB,Pharma
DABUR HONITUS HOT SIP KADHA (30N),Pharma
HIPRES -25MG ( 14 TAB),Pharma
MACBERY-XT COUGH SYRUP (100ML),Pharma
DABUR KUMARYASAVA (450ML),Pharma
COFSILS MINT LOZENGES 10 NOS,Pharma
ARG 9 SACHET (5GM),Pharma
LISTERINE CAVITY FIGHTER M/W (80ML),Pharma
GLUCO ONE BG-03 GLUCOSE STRIPS (50N),Pharma
MECOFOL PLUS NF (10 CAP),Pharma
RABESEC D,Pharma
TRIBETROL 2MG (15 TAB),Pharma
THYRONORM 50 MCG (120 TAB),Pharma
WYSOLONE DT 10 (15 TAB),Pharma
NIMULID,Pharma
DULCOFLEX 5MG (10 TAB),Pharma
PONDS BRIGHT BEAUTY F/W  50 GM,Pharma
VASELINE BODY LOTION 100 ML,Pharma
HIMALAYA NEEM FACIAL WET WIPES 10NOS,Pharma
ERITEL 20MG (15 TAB),Pharma
MULTANI KUKA SYP 100ML (BLUE),Pharma
ROSULIP 10MG (15 TAB),Pharma
TRIEXER 2MG (10 TAB),Pharma
(CLOSED) NIVEA ROLL ON RS 99,Pharma
VITOMIN D3 DROPS (30ML),Pharma
HIMALAYA SHISHU ANAND BABY WET WIPES 72 N,Pharma
HIMALAYA HADJOD (60 TAB),Pharma
VASELINE COCOA GLOW LOTION 100ML,Pharma
CALSHINE P DROPS (30ML),Pharma
LEVOLIN INHALER (50MCG),Pharma
AZICIP 250MG (6 TAB),Pharma
STUD 5000,Pharma
TELISTA 40MG (15 TAB),Pharma
MEGLOW MEN  CREAM 30 GM,Pharma
HIMALAYA BABY CREAM (50ML),Pharma
PONDS BRIGHT BEAUTY SERUM CREAM 23GM,Pharma
HEAD AND SHOULDER SMOOTH SILKY SHAMPOO (180ML),Pharma
ITCH GUARD (20GM/ 25 GM),Pharma
SOLVIN COLD AF 60 ML,Pharma
FLEXON (15 TAB),Pharma
ODONIL ZIPPER ROSE,Pharma
BETNOVATE N CREAM (25GM),Pharma
ORAWAYS PASTE (5GM),Pharma
TYDOL 100MG (10 TAB) NRX,Pharma
GILLETTE MACH 3 CHARCOAL,Pharma
MAYBELLINE COLOSSAL KAJAL,Pharma
CHICCO WET WIPES 72NOS,Pharma
ENVY POCKET DARK (18ML),Pharma
HAMDARD JOSHINA COUGH SYRUP (100ML),Pharma
(CLOSED) DOVE SHAMPOO POUCH 5.5ML,Pharma
NAN PRO NO. 1 (400GM),Pharma
WHISPER ULTRA HYGIENE XL+ 15 PCS,Pharma
WHISPER CHOICE XL 6NOS,Pharma
CLOBETA GM CREAM (20GM),Pharma
AUGMENTIN DDS SYRUP 30 ML,Pharma
OLMAT 20MG (10 TAB),Pharma
DAPANORM-M5 FORTE (10 TAB),Pharma
(CLOSED) TELVAS AM 40/5,Pharma
(CLOSED) TELVAS AM TAB,Pharma
RECLIDE XR 60 (15 TAB),Pharma
ECOSPRIN AV 75/20 (10 CAP),Pharma
TSART- AM (15 TAB),Pharma
LEVIPIL 250MG (10 TAB),Pharma
SENSODYNE RAPID RELIEF (80GM),Pharma
CALCIMAX P SUSPENSION (200ML),Pharma
(CLOSED) ARACHITOL NANO SF SYRUP 4*5 ML,Pharma
CANDID B CREAM (20GM),Pharma
FOURDERM CREAM (20GM),Pharma
NASOWASH SACHET,Pharma
DIAPRIDE M1 FORTE (15 Tab),Pharma
TELPLUS (15 TAB),Pharma
TENEPRIDE 20MG (30 TAB),Pharma
ROSUVAS 10MG (15 TAB),Pharma
CORCIUM D3 (15 TAB),Pharma
DORZOX T E/D (5ML),Pharma
MUCAINE GEL ORANGE SYRUP (200ML) SF,Pharma
CERELAC NO 8 WHEAT ORANGE,Pharma
NERVUP OD (15 TAB),Pharma
SHELCAL 500MG (15 TAB),Pharma
TOPINATE OINT (15GM),Pharma
TOPINATE CREAM (30GM),Pharma
CANESTEN S CREAM (15GM),Pharma
ALL OUT MACHINE,Pharma
GLUCON D ORANGE 200 GM,Pharma
HALOX S OINT (10GM),Pharma
CLOP CREAM 30 GM,Pharma
AB PHYLLINE SR 200 (10 TAB),Pharma
BAJAJ ALMOND HAIR OIL (95ML),Pharma
GILLETTE GAURD 3 BLADE 3NOS,Pharma
GARNIER BRIGHT COMPLETE VIT C SERUM CREAM 23GM,Pharma
GOODNIGHT ROLL ON,Pharma
DETTOL ORIGINAL SOAP SET 3+1 125GM,Pharma
VANTEJ TOOTHPASTE (100GM),Pharma
DABUR HONEY (250GM),Pharma
NODOSIS DS (15 TAB),Pharma
EMBETA AM 50 (10 TAB),Pharma
VASELINE JELLY (5.5GM),Pharma
VENPRES 40AM (10 TAB),Pharma
(CLOSED) FEBUSTAT 40 MG 10 TAB,Pharma
LYCORED (10 CAP),Pharma
SEROFLO SYNCHROBREATHE (250MCG),Pharma
SAFE SHIELD N95 MASK,Pharma
CREPE BANDAGE 10CM (4 INCH.),Pharma
THERMOMETER ROUND ODIN,Pharma
M EARTH HYDRAGEL SUNSCREEN 50G,Pharma
SUPRA PLUS (15 TAB),Pharma
PAMPER PANTS S30,Pharma
LITTLE BABY WET WIPES 72 NOS,Pharma
AMLOPRES AT (30 TAB),Pharma
CETAPHIL MOISTIRIZER CRM (80GM),Pharma
ZYLORIC 300MG (10 TAB),Pharma
MIBETA SR 40 (15 TAB),Pharma
PROVANOL SR 40 (10 TAB),Pharma
PROVANOL SR 80 (10 TAB),Pharma
ZYLORIC 100MG (10 TAB),Pharma
DILNIP T 40 (15 TAB),Pharma
LYMED D (10 TAB),Pharma
SIMVOTIN 20MG (10 TAB),Pharma
(CLOSED) PANTOSEC DSR (20X10) CAP,Pharma
URSOLID 300MG (10 TAB),Pharma
GILLETTE SHAVING GEL (195GM),Pharma
FLUDAC-20 MG 10NS,Pharma
ZANDU NITYAM VATI (10 TAB),Pharma
GLUCON D ORANGE 125 GM,Pharma
SASLIC DS FOAMING FACE WASH (60ML),Pharma
XYLOCAINE 2% JELLY,Pharma
ZANDU BALM (8ML),Pharma
"PARACIP SYRUP 250MG (60ML, RED)",Pharma
CREPE BANDAGE 6CM (2 INCH.),Pharma
OMNIGEL GEL (30GM),Pharma
NEBICARD T (10 TAB),Pharma
ZORYL 2MG (15 TAB),Pharma
NEXITO 10MG (10 TAB),Pharma
GLYCOMET GP 2 (15 TAB),Pharma
QUIK KOOL (10GM),Pharma
GLYCERIN (25GM),Pharma
NACPLUS (10TAB),Pharma
NASOPIL ADULT NASAL DROPS (10ML),Pharma
(Closed) BETADINE 5 % ONIT,Pharma
THYRONORM 62.5 MCG (120 TAB),Pharma
ELECTRAL POWDER 21.8 GM,Pharma
ECOSPRIN GOLD 20 (15 CAP),Pharma
GLYCOMET SR 500 (20 TAB),Pharma
TENEZA 20MG (15TAB),Pharma
ROSUBEST 10MG (10 TAB),Pharma
NEOSPORIN POWDER (10GM),Pharma
DUOLIN ROTACAPS (60 CAP),Pharma
NAVRATNA OIL (50ML),Pharma
IODEX (16GM),Pharma
CHICCO FEED EASY BOTTLE 250ML,Pharma
NORFLOX 400MG (10 TAB),Pharma
ZOLFRESH 10MG (15 TAB) NRX,Pharma
PEARS PURE AND GENTLE BODY WASH,Pharma
APTIVATE SYRUP (175ML),Pharma
LISTERINE COOL MINT MILD M/W (500ML),Pharma
METOLAR XR 12.5 (15 TAB),Pharma
HAMDARD BADAM ROGHAN OIL (50ML),Pharma
PHYSIOGEL-AI BODY LOTION (100ML),Pharma
OFLOX D E/D (10ML),Pharma
SITACLASS M 50/1000 (10 TAB),Pharma
TELMA CT 40/12.5 (15 TAB),Pharma
NASOPIL PAEDIATRIC NASAL DROPS (10ML),Pharma
ETOFEX-120 MG (10 TAB),Pharma
MONTECIP FX (10TAB),Pharma
(Closed) DABUR HONITUS 100 ML,Pharma
GARNIER MEN SHAMPOO COLOUR POUCH 20ML,Pharma
ANOVATE CREAM (20GM),Pharma
VIZYLAC (15 CAP),Pharma
COLGATE TOOTHPASTE 40/16GM MRP 10,Pharma
LEVERA 500MG (15 TAB),Pharma
PRIMOSA 500MG (15 CAP),Pharma
SF SECURE XL ULTRA THIN  6NOS,Pharma
BOROLINE CREAM (40GM),Pharma
GILLETTE FOAM 418 GM,Pharma
VICKS VAPORUB (25ML),Pharma
MEFTAL 500MG (10TAB),Pharma
SAT ISABGOL TEL. 100 GM,Pharma
DEXORANGE (30 CAP),Pharma
ODOMOS FABRIC ROLLON,Pharma
ISTAMET 50/500 (15 TAB),Pharma
MELMET SR 500 (20 TAB),Pharma
(CLOSED) AMLONG 5MG (15 TAB),Pharma
TELMA 20MG (15 TAB),Pharma
AVAS 20MG (30 TAB),Pharma
GLUFORMIN XL 1000 (15 TAB),Pharma
DILNIP TRIO (10 TAB),Pharma
DABUR GILOYJUICE 1LTR,Pharma
BRUFEN 400MG (15 TAB),Pharma
LUBREX E/D (10ML),Pharma
TELLZY ACH 80/5/12.5 (10 TAB),Pharma
GLUCOSE D 250GM,Pharma
HIMALAYA GENTLE BABY WET  WIPES 72N,Pharma
PAMPER PANTS L5,Pharma
PRED FORTE E/D (10ML),Pharma
ZERODOL MR (10 TAB),Pharma
CITRALKA LIQUID (200ML),Pharma
NIVEA SUN LOTION SPF 50 75ML,Pharma
JOHNSONS BABY CREAM (30GM),Pharma
JOHNSONS BABY TOP-TO-TOE BATH (100ML),Pharma
FEMICLO-V SUPPOSITORIES,Pharma
GABANEURON 100 (15 TAB),Pharma
GABANEURON NT 100 (15 TAB),Pharma
HIMALAYA HIMCOCID SYRUP SF (200ML),Pharma
GLUCONORM G1 FORTE (15 TAB),Pharma
LIPVAS 20 MG( 10 TAB),Pharma
CRESAR AM (15 TAB),Pharma
MELALITE 15 CREAM (30GM),Pharma
ZEEBEE (1 TAB),Pharma
VASELINE JELLY (12GM),Pharma
ARQ MAKOH 500ML,Pharma
HIMALAYA TRIPHALA ( 60 TAB ),Pharma
AUGMENTIN DUO SYRUP (30ML),Pharma
FORACORT INHALER (200MCG),Pharma
MEGALIS 20 MG ( 4 TAB),Pharma
AMRITDHARA (12ML),Pharma
VENUS SMOOTH BLADE,Pharma
WYSOLONE DT 20 (15 TAB),Pharma
CETCIP L TAB,Pharma
FLUTICONE FT NASAL SPRAY (6.0GM),Pharma
(Closed) HAJMOLA ANARDANA SACHET (RED),Pharma
(Closed) HAJMOLA PUDINA SACHET(GREEN),Pharma
(Closed) HAJMOLA LIMCOLA SACHET(WHITE),Pharma
HAJMOLA CHATCOLA SACHET,Pharma
(Closed) HAJMOLA IMLI SACHET (PURPLE),Pharma
ZILARTA 40MG (10 TAB),Pharma
GARNIER BRIGHT COMPLETE VITAMIN C F/W 100 GM,Pharma
V WASH (20ML),Pharma
ORTHODEX GEL (50GM),Pharma
CEFLOX D E/D (10ML),Pharma
(CLOSED) BENZAC AC 2.5% GEL 20 GM,Pharma
CALPOL 500MG (15 TAB),Pharma
OFLOX E/D (5ML),Pharma
(Closed) TAZLOC AM,Pharma
HIMALAYA MOISTURIZING ALOE VERA GEL (100ML),Pharma
METOLAR XR 50 (15 CAP),Pharma
TELSAR 20MG (15 TAB),Pharma
CETCIP (10TAB),Pharma
ROZUCOR 5MG (10 TAB),Pharma
SHELCAL CT (15 TAB),Pharma
METROHEX PLUS GEL (20GM),Pharma
DETTOL ANTISEPTIC LIQUID (60ML),Pharma
(CLOSED) COLGATE SENSITIVE BRUSH,Pharma
ORG IND TULSI DETOX KAHWA,Pharma
GLUCON D ORANGE 450 GM,Pharma
HIMALAYA HIMCOLIN GEL (30GM),Pharma
OMRON B.P MONITOR HEM-7121J,Pharma
LOREAL COLOR CASTING CREME GLOSS,Pharma
DUREX CON XTHN 1*3,Pharma
(CLOSED) BELL NAIL CUTTER,Pharma
CETRILAK SOLUTION 5% (100ML),Pharma
OBEDOX CAP.,Pharma
NADIBACT GEL (10GM),Pharma
GLUCON D REGULAR 250 GM,Pharma
ITROMED 100MG (10 CAP),Pharma
FOLITRAX 20MG (4 TAB),Pharma
( CLOSED) ENO NIMBU MASALA SACHET,Pharma
ALLEGRA 120MG (10TAB),Pharma
HIMALAYA ASHVAGANDHA (60 TAB),Pharma
SF DRY MAX ALL NIGHT ULTRA DRY XXL (42 NOS),Pharma
TYNOR CERVICAL COLLAR SOFT(M),Pharma
HIT RED 625 ML,Pharma
SUNSILK SHAMPOO 5.5 ML POUCH,Pharma
VONEURO (10 TAB),Pharma
ISTAMET 50/1000 (15 TAB),Pharma
ZEDEX COUGH SYRUP (100ML),Pharma
HIMALAYA LIV 52 DS SYRUP (200ML),Pharma
GARNIER MEN ACNO FIGHT F/W 50GM,Pharma
EVERYUTH B.LOTION CITRUS ALOE 100ML,Pharma
AMLONG 2.5MG (15 TAB),Pharma
HIMALAYA BABY POWDER (100GM),Pharma
HIMALAYA GENTLE BABY SHAMPOO (100ML),Pharma
HIMALAYA BABY HAIR OIL (50ML),Pharma
HIMALAYA  GENTLE BABY SOAP (125GM),Pharma
DABUR AMLA HAIR OIL (70ML),Pharma
HEALTH OK SACHET (5GM),Pharma
HIT BLACK 200ML,Pharma
ORAL B TOOTHBRUSHES RS 80/75,Pharma
OLMECIP 20MG (10 TAB),Pharma
DETTOL ANTISEPTIC LIQUID 250 ML,Pharma
HIMALAYA SEPTILIN (60 TAB),Pharma
NUROKIND LC (15 TAB),Pharma
ETOSHINE 60MG (10 TAB),Pharma
TRICHUP HERBAL SHAMPOO (200ML),Pharma
DUREX MUTUAL CLIMAX CON 1*3,Pharma
M EARTH UBTAN F/W 100ML,Pharma
ARICEP 5 (10 TAB),Pharma
CTD 6.25MG (15 TAB),Pharma
ECOSPRIN AV 75 (15 CAP),Pharma
PODOCIP 200 MG TAB,Pharma
GPM SR2 ( 10 TAB),Pharma
SENSODYNE  BRUSH 35,Pharma
PAMPER PANTS XL2,Pharma
SAFI SYRUP (100ML),Pharma
TELLZY AM (15 TAB),Pharma
SENSODYNE BRUSH MRP 55,Pharma
OLD SPICE POCKET DEO 17ML,Pharma
SENSODYNE REPAIRE AND PROTECT (70GM),Pharma
ZITA-MET PLUS 20/500 (15 TAB),Pharma
GLUCONORM SR 500 (15 TAB),Pharma
DUREX MUTUAL  CLIMAX 10N,Pharma
TYNOR  ANKLE BINDER -L,Pharma
SUMO (15 TAB),Pharma
SENSODYNE FRESH MINT (40GM),Pharma
PONDS POWDER MAGIC 100GM,Pharma
TYNOR BACK REST FULL,Pharma
DUREX INVISEBLE  1*3,Pharma
MET XL 25MG (20 TAB),Pharma
ENERZAL LIME POWDER (100GM),Pharma
CALCAREA PHOSPHORICA 6X (PINK),Pharma
JOHNSONS BABY SOAP 100GM,Pharma
ALTRADAY (10 CAP),Pharma
SERTA 100MG (15 TAB),Pharma
DABUR HONEY (500GM),Pharma
MOMATE CREAM (20GM),Pharma
LULIFORD CREAM 30GM,Pharma
CHERICOF LS COUGH SYRUP (100ML),Pharma
ODOMOS CREAM 50 GM,Pharma
ODOMOS CREAM 25 GM,Pharma
LEVOLIN RESPULES (0.63MG),Pharma
RACIPER 40MG (15 TAB),Pharma
EVA LIPBALM,Pharma
NOVAMOX LB 500 (15 CAP),Pharma
(CLOSED) SF DRYMAX ALL NIGHT ULTRA DRY XL 7NOS,Pharma
M EARTH ULTRA LIGHT SUNSCREEN 80GM,Pharma
VOLINI SPRAY (15GM),Pharma
SF SECURE COTTONY XL WITH WINGS 18NOS,Pharma
CIPLOX D E/D (10ML),Pharma
ECOSPRIN 150MG (14 TAB),Pharma
PACITANE (30 TAB),Pharma
TRIGLYCOMET (10  TAB),Pharma
MINOLAST- LC (10TAB),Pharma
M EARTH UBTAN FACE MASK (100GM),Pharma
PEESAFE  CRAMP RELIEF ROLLON 10ML,Pharma
DOVE BABY SOAP RICH MOISTURE 50GM,Pharma
NEERI SYRUP (100ML),Pharma
EYEMIST FORTE E/D (10ML),Pharma
SENSODYNE REPAIRE AND PROTECT (100GM),Pharma
GARNIER MEN DOUBLE ACTION F/W 50GM,Pharma
CANDID DUSTING POWDER (50GM),Pharma
ALLEGRA 180MG (10 TAB),Pharma
REFRESH LIQUIGEL E/D (10ML),Pharma
ALKACIP SYRUP (100ML),Pharma
LOX 2% JELLY (30GM),Pharma
PERADYL TAB,Pharma
MILCEF 500MG (10 TAB),Pharma
SYSTANE ULTRA E/D (10ML),Pharma
(CLOSED) THERMOMETER DIGITAL MT 101,Pharma
ENO SACHET MRP 10 (5GM),Pharma
PANTOP DSR CAPSULE 10 NOS,Pharma
FURAMIST AZ NASAL SPRAY (9.8GM),Pharma
VISAB  POWDER (100GM),Pharma
LIVOGEN XT (10 TAB),Pharma
AMBRODIL S COUGH SYRUP (100ML),Pharma
NASIVION MINI NASAL DROPS (10ML),Pharma
KETOMAC SHAMPOO 2% (110ML),Pharma
DABUR HONITUS MADHUVAANI (150GM),Pharma
BETADINE GARGLE 2% (100ML),Pharma
NUROKIND GOLD RF (10 CAP),Pharma
COSART 50MG (10 TAB),Pharma
ALERID -D (10 TAB),Pharma
OMRON B.P MONITOR HEM-8712,Pharma
ANXIT 0.25MG (15 TAB) NRX,Pharma
OKAMET 500 (20 TAB),Pharma
SKINSHINE CREAM (15GM),Pharma
EPTOIN 100MG (120 TAB),Pharma
DISPOVAN SYRINGE 20 ML,Pharma
BETACAP TR 20 (10 CAP),Pharma
CONTRACTUBEX GEL (20GM),Pharma
FORTIUS 5MG (10 TAB),Pharma
FEMILON (21 TAB),Pharma
HIMALAYA NEEM F/W (150ML/200ML),Pharma
DABUR ARNICA HAIR OIL 100ML,Pharma
COMBIFLAM SUSPENSION (60ML),Pharma
CANDID EAR DROPS (10ML),Pharma
CEPODEM DRY SYRUP 100MG (30ML),Pharma
HIMALAYA SEPTILIN SYRUP (200ML),Pharma
GLOW & LOVELY MULTI VIT CREAM 50GM,Pharma
MILFLODEX  E/D 5ML,Pharma
LACTOGEN NO. 2,Pharma
PAN D (15 CAP),Pharma
TELMA H (15 TAB),Pharma
(CLOSED)SOFY BODY FIT REGULAR18NOS,Pharma
RECLIMET XR (14 TAB),Pharma
GLYCOMET 500MG (10 TAB),Pharma
LIPAGLYN (10 TAB),Pharma
CILACAR T TABS,Pharma
JANUMET 50/500 (15 TAB),Pharma
ROZUCOR ASP-10 (10 CAP),Pharma
PAN 40MG (15 TAB),Pharma
ITROMED 200 CAP,Pharma
LULIFORD CREAM (20GM),Pharma
CAREFREE PANTYLINER 20N,Pharma
VH-3,Pharma
MARTIFUR MR 100 (10 TAB),Pharma
GARNIER BRIGHT COMPLETE VIT C SERUM GEL 45GM,Pharma
LEVIPILL 500MG (15 TAB),Pharma
BOROPLUS CREAM (40ML),Pharma
GLUCON D NIMBU PANI 450 GM,Pharma
HIMALAYA ORO-T LIQUID (100ML),Pharma
TENOVATE M CREAM (15GM),Pharma
BOROPLUS CREAM  (6ML),Pharma
WHISPER ULTRA SOFT AIR FRESH XL+ 6 PCS,Pharma
TELWAKE 40 MG TAB,Pharma
B.D. PEN NEEDLE,Pharma
DEROBIN OINT (30GM),Pharma
TRILUMA CREAM (15GM),Pharma
LACTO CALAMINE LOTION GREEN (60ML),Pharma
SOFY PANTYLINER ANTIBACTERIA (18NOS),Pharma
VOLINI SPRAY 40 GM,Pharma
ZANDU NITYAM VATTI 30N,Pharma
SIMILAC 3 STAGE 400GM,Pharma
LOCULA 20% E/D (5ML),Pharma
DUREX CON XTDT 1*3,Pharma
GLUCON D NIMBU PANI 200 GM,Pharma
ORTHODEX MR (10 TAB),Pharma
DUREX CONDOM EXTRA TIME 1*3,Pharma
GOLITE CREAM 15GM,Pharma
(Closed) LEVERA 250MG (10 TAB),Pharma
URIMAX D TAB 10ns,Pharma
DEXONA (30 TAB),Pharma
BETACAP TR 40 (10 CAP),Pharma
TELSAR BETA 50 (10 TAB),Pharma
PENTANERV NT 100 (10 TAB),Pharma
FITTY DENT (4 TAB),Pharma
EXERMET 500 SR (15 TAB),Pharma
HOPACE 5 MG TAB,Pharma
DIGENE GEL MIX FRUIT (200ML),Pharma
PEARS SOAP 100GM,Pharma
SOFY ANTIBACTERIAL XL (28NOS),Pharma
(CLOSED) ALEX  COUGH LOZENGES,Pharma
SF SECURE COTTONY XL WITH WINGS 12NOS,Pharma
VOLINI GEL (75GM),Pharma
COLGATE MAXFRESH MOUTHWASH (100ML),Pharma
LIPVAS 10MG (10 TAB),Pharma
TELVAS 3D (10 TAB),Pharma
OFLOX OZ (10 TAB),Pharma
PRIMOSA 1000MG (15 CAP),Pharma
NVM LC TAB,Pharma
I KULL PLUS E/D,Pharma
BETADINE SOLUTION 10% (100ML),Pharma
GARNIER COLOR POUCH NO 4,Pharma
DABUR JATYADI TAIL 50ML,Pharma
M.POKO EXTRA L10,Pharma
COLGATE 40GM MRP 20,Pharma
DABUR RED TOOTHPASTE (18GM),Pharma
ZALIM LOTION (10ML),Pharma
CANDID B CREAM (10GM),Pharma
SUNSILK SHAMPOO (180ML),Pharma
ORAL B BRUSH 4NOS SET,Pharma
KERABOOST TAB,Pharma
PREGACIP M (10 CAP),Pharma
LIVFIT (10 TAB),Pharma
LIPTON TEA,Pharma
MANFORCE TAB 100 MG NOS,Pharma
GELUSIL SYRUP (400ML) SF,Pharma
(CLOSED) COOL PACK,Pharma
HAJMOLA SHISHI PUDINA,Pharma
ZOLE SKIN OINT (15GM),Pharma
MONTAIR FX (15 TAB),Pharma
LIVEASY COTTON BUDS (100N),Pharma
GLYCERIN (10GM),Pharma
(CLOSED) COLGATE BRUSH SUPER JUNIOR E SOFT,Pharma
ORAL B BRUSH 16 Rs,Pharma
HIFENAC MR (10 TAB),Pharma
LACTO CALAMINE LOTION GREEN (120ML),Pharma
VASELINE JELLY (85GM),Pharma
GEMER 1 (15 TAB),Pharma
ELTROXIN 100 MCG (120 TAB),Pharma
RAZO D (15 TAB),Pharma
JARDIANCE MET 12.5/1000 (10 TAB),Pharma
HAEM UP LIQUID (200ML),Pharma
EARWEL EAR DROPS (5ML),Pharma
RICONIA SYP 200ML,Pharma
VERTIN 8MG (15 TAB),Pharma
SEBAMED CLEANSING FOAM 150 ML,Pharma
VENUS SMOOTH RAZOR,Pharma
GILLETTE FOAM 50 G,Pharma
MONTAIR 10MG (15 TAB),Pharma
FOGG PERFUME 120ML BLACK,Pharma
TSART TRIO 6.25 (10 TAB),Pharma
DIAMICRON XR MEX 60/500 (14 TAB),Pharma
M EARTH MOSQUITO RELLENT SPRAY (100ML),Pharma
LEVOFLOX 250MG (10 TAB),Pharma
CASTOR OIL (100ML),Pharma
DABUR BADAM ROGHAN OIL (25ML),Pharma
CHICCO BABY CREAM 50GM,Pharma
SORBITRATE 5MG (50 TAB),Pharma
(CLOSED)LIFEBUOY HAND SANITIZER 190ML,Pharma
RIKTIN 9G (10 CAP),Pharma
LAKME ABSOLUTE BRIGHTENING F/W 50GM,Pharma
CREMAFFIN PLUS (225ML) SF,Pharma
INDULEKHA OIL (22ML),Pharma
GLIMISAVE 2MG (15 TAB),Pharma
GALVUS MET 50/1000 (15 TAB),Pharma
SUHAGRA -50,Pharma
PAKNET CREAMY WASH (50GM),Pharma
NAIL CUTTER,Pharma
TELMIKIND AM (10 TAB),Pharma
OLMY 40MG (10 TAB),Pharma
OMNACORTIL 5MG (10 TAB),Pharma
VINICOR AM 50/5 (15 TAB),Pharma
CTD T 6.25/40 (15 TAB),Pharma
HIMALAYA PILEX (60 TAB),Pharma
TUSQ-LS COUGH SYRUP (100ML),Pharma
SEROFLO ROTACAPS 250MCG (30 CAP),Pharma
GOOD VIBES TEA TREE ESSENTIAL OIL 10ML,Pharma
LOREAL TR5 SMOOTHENING AND REPAIRING SERUM 40ML,Pharma
CROCIN DS SUSPENSION 240MG (100ML),Pharma
OLMIGHTY AM (10 TAB),Pharma
COLGATE ULTRA FOAM TOOTH BRUSH,Pharma
SENSODYNE BRUSH 65,Pharma
THYRONORM 100 MCG (120 TAB),Pharma
VOMIKIND MD 4 (10 TAB),Pharma
LACTACYD FEMININE HYGIENE WASH (100ML),Pharma
IBUGESIC PLUS (20 TAB),Pharma
OMNIGEL SPRAY (100GM),Pharma
VALPARIN CHRONO 500 (10 TAB),Pharma
(CLOSED) FAIR & LOVELY 80 GM,Pharma
CHICCO TOOTH BRUSH 3-8 YEARS,Pharma
WOODWARDS GRIPE WATER (130ML),Pharma
KESH KING SHAMPOO (200ML),Pharma
TYNOR TT/ABDOMINAL BELT L,Pharma
GLIMCOR M2 FORTE (15 TAB),Pharma
ROSEDAY 5MG (15 TAB),Pharma
CARDACE 5 MG,Pharma
(Closed) REVITAL H WOMAN CAP 10N,Pharma
THYRONORM 125 MG (120 TAB),Pharma
CALPOL 650MG (15  TAB),Pharma
A TO Z NS (15 TAB),Pharma
COREX DX COUGH SYRUP (100ML),Pharma
CILAMET XL 10/25 (20 TAB),Pharma
VASAKAMADHU COUGH SYRUP (200ML),Pharma
VISCODYNE D COUGH SYRUP (100ML),Pharma
HIMALAYA NEEM F/W (100ML),Pharma
B FIT ADULT DIAPERS L 10NOS,Pharma
NUROKIND GOLD INJECTION (2ML),Pharma
ALSITA -MP500 (10 TAB),Pharma
OCID DSR (15 CAP),Pharma
CETAPHIL MOISTURISER LOTION 100 ML,Pharma
DUPHALAC SYRUP (250ML),Pharma
QUADRIDERM RF CREAM (10GM),Pharma
SOHA 0.1% E/D (10ML),Pharma
DABUR TRIPHALA CHURNA (120GM),Pharma
MOOV SPRAY (15GM),Pharma
ZANOCIN OZ (10 TAB),Pharma
HIMALAYA LIV 52 DS SYRUP (100ML),Pharma
RIVELA TINT SUNSCREEN LOTION SPF50 (50ML),Pharma
HIMALAYA RUMALAYA FORTE (30 TAB),Pharma
CYRA D (10 TAB),Pharma
MIRTAZ 15MG (10 TAB),Pharma
MIRTAZ 30MG (10 TAB),Pharma
SF SECURE NIGHTS 6NOS,Pharma
RAMIPRES 5MG (10 TAB),Pharma
GARNIER BRIGHT VIT-C SERUM (15ML),Pharma
M EARTH ALOE VERA GEL 300ML,Pharma
HIMALAYA LIV 52 SYRUP (100ML),Pharma
DABUR SHILAJIT GOLD (10 CAP),Pharma
COTTON BANDAGE 10 CM (4 inch.),Pharma
GEMCAL PLUS (10 CAP),Pharma
DOVE BODY WASH 250ML,Pharma
RIVABAN 10MG (14 TAB),Pharma
TAXIM O 200MG (10 TAB),Pharma
NIFTRAN 100MG (10 CAP),Pharma
IVECOP 12,Pharma
AEROCORT INHALER,Pharma
MOXICIP E/D (5ML),Pharma
NIVEA SOFT CREAM (50ML),Pharma
KOJIVIT PLUS GEL (15GM),Pharma
DIGENE GEL MINT (200ML),Pharma
CILACAR TC 12.5 (10 TAB),Pharma
CHICCO TOOTH BRUSH 6-36 MONTHS,Pharma
SEROFLO INHALER (250MCG),Pharma
ASCABIOL EMULSION (120ML),Pharma
ATARAX 10MG (15 TAB),Pharma
Creon 25000 (10 CAP),Pharma
R-CINEX 600MG (3 TAB),Pharma
AMLOPRES AT (15 TAB),Pharma
NEUTROGENA HYDRO BOOST WATER GEL 15GM,Pharma
FLUTIVATE E CREAM (30GM),Pharma
ARBITEL AMH (10 TAB),Pharma
NITROCONTIN 6.4MG (30 TAB),Pharma
MONTAIR LC KIDS (10 TAB),Pharma
IMMUNO VOLT KACHHA MANGO,Pharma
NOBEL PLUS TAB 10 NOS,Pharma
DR ORTHO OIL (100ML),Pharma
TOPISAL 3 % LOTION (50ML),Pharma
DORZOX E/D (5ML),Pharma
WHISPER CHOICE ULTRA XL 20NOS,Pharma
CIPLADINE OINT (30GM),Pharma
SOFTDROPS E/D (10ML),Pharma
DETTOL ORIGINAL LIQUID SOAP 675 ML,Pharma
LONAZEP 0.5MG (15 TAB) NRX,Pharma
EPIZAM 10MG TAB (NRX),Pharma
OXANA 450MG TAB,Pharma
DUREX CON X TIME 1*10,Pharma
AMARYL 1MG (30 TAB),Pharma
NASIVION CLASSIC ADULT NASAL SPRAY (10ML),Pharma
HIMALAYA HIMPLASIA (30 TAB),Pharma
ODOMOS CREAM 100GM,Pharma
HAPPI D (15 CAP),Pharma
BISOHEART 2.5MG (10 TAB),Pharma
NEXOVAS T,Pharma
HIFENAC-SP (10 TAB),Pharma
METOLAR TL 25 (10 TAB),Pharma
OLMIN 40MG (10 TAB),Pharma
MULTANI KUKA (50 TAB),Pharma
EMRICH CAP,Pharma
ROSUVAS F 10 (15 TAB),Pharma
OB TAMPON SUPER 10 NOS BLOSSOM,Pharma
HIMALAYA BABY POWDER (200GM),Pharma
PAMPER PANTS XL7,Pharma
MEDROL 16MG (14 TAB),Pharma
(CLOSED) DIGENE MINT TAB 15 NOS,Pharma
DABUR HONITUS COUGH SYRUP (100ML),Pharma
SEBAMED MOIST CREAM 50ML,Pharma
ALKEM PARA 500MG,Pharma
DUPHASTON 10MG (10 TAB),Pharma
COFOL - Z CAP,Pharma
(Closed) VEET CREAM 100 GM,Pharma
BECOZYME C FORTE (15 TAB),Pharma
NICE GLYCERIN (100GM),Pharma
PEESAFE TSS SPRAY LAVENDER 75ML,Pharma
PROTAR-K SCALP SOLUTION (100ML),Pharma
ZERODOL SPAS (10 TAB),Pharma
HIMALAYA ANTI-HAIRFALL SHAMPOO (180ML),Pharma
NIVEA LIP BALM 4.8GM,Pharma
CROCIN DROPS (15ML),Pharma
BETNOVATE C CREAM (30GM),Pharma
PANDERM ++ CREAM (15GM),Pharma
WHISPER B N KOALA SOFT XXL+ 10 NOS,Pharma
MONTEK AB (10 TAB),Pharma
PEARS SOAP 32 GM,Pharma
TENOVATE GN CREAM (20GM),Pharma
NUSAR AM (10 TAB),Pharma
DYTOR 10MG (15 TAB),Pharma
DABUR ALOE VERA JUICE 1ltr,Pharma
HEXIDINE MOUTHWASH (80ML),Pharma
PARACHUTE OIL (500ML),Pharma
DABUR DASHMULARISHTA (450ML),Pharma
SACHI SAHELI SYRUP (190/205ml),Pharma
ORS PROLYTE BLACKCURRENT 200ML,Pharma
LAMETEC 100 DT (10 TAB),Pharma
LAMETEC 50 DT (10 TAB),Pharma
PONDS LIGHT MOISTURISER CREAM 25GM,Pharma
VOLINI GEL (100GM),Pharma
CIPLADINE OINT (25GM),Pharma
IOTIM 0.5% E/D (5ML),Pharma
WYSOLONE DT 5 (15 TAB),Pharma
TYNOR WRIST WRAP (NEO),Pharma
OLESOFT MAX CREAM 150GM,Pharma
BETAMIL GM CREAM (30GM),Pharma
BOROPLUS CREAM (19ML),Pharma
RANBAXY ORS ORANGE 200ML,Pharma
PREGABA-NT (10 TAB),Pharma
DDR 30MG (10 CAP),Pharma
ORNI O (10 TAB),Pharma
GRENIL (10 TAB),Pharma
VICCO TURMERIC 30 GM,Pharma
PEDIASURE CHOCO POWDER 200GM,Pharma
OSTOCALCIUM PLUS TAB 30 NOS,Pharma
JOHNSONS BABY SOAP 75GM,Pharma
JOHNSONS BABY POWDER (100GM),Pharma
PARACHUTE OIL (50ML),Pharma
EMESET 4MG (10 TAB),Pharma
CONCOR 5MG (10 TAB),Pharma
LUPISULIN N INJECTION 40IU/ML (10ML),Pharma
HUMAN ACTRAPID INJECTION  40IU/ML (10ML),Pharma
HIGH TEARS E/D (10ML),Pharma
CETANIL TRIO 12.5 (10 TAB),Pharma
CORBIS AM 5 (10 TAB),Pharma
LACTOGEN NO.4,Pharma
NUCOXIA 90MG (15 TAB),Pharma
OLMECIP AM (10 TAB),Pharma
VOLINI GEL (30GM),Pharma
FOLITRAX 10MG (10 TAB),Pharma
SUGAR FREE NATURA 500 PELLETS,Pharma
WELLWOMAN (15 CAP),Pharma
WINOLAP DS E/D (2.5ML),Pharma
MYCOWASH HAIR & BODY WASH (100ML),Pharma
PAMPER PANTS M2,Pharma
M EARTH MOSQUITO FABRIC ROLL ON,Pharma
CALCIMAX SUSPPENSION (200ML),Pharma
TYNOR KNEE CAP XL,Pharma
VOLINI GEL (50GM),Pharma
LEVIPIL SYRUP (100ML),Pharma
RIVOTRIL 0.25MG (10 TAB) NRX,Pharma
ZIFI O (10 TAB),Pharma
ARPIZOL 10MG (10 TAB),Pharma
ARPIZOL 5MG (10 TAB),Pharma
DIVAA 500MG (15 TAB),Pharma
AMLIP 10MG (10 TAB),Pharma
GLYNASE 5MG (10 TAB),Pharma
WHISPER B N KOALA SOFT XXXL+ 4 NOS,Pharma
ATLURA 40MG,Pharma
MACSITA M XR 100/1000 (10 TAB),Pharma
LAKME SUN EXPERT SPF50 GEL 50GM,Pharma
VASAKAMADHU COUGH SYRUP (100ML),Pharma
NUROKIND GOLD CAP,Pharma
CIPCAL HD (15 TAB),Pharma
HIMALAYA BRAHMI SYRUP (200ML),Pharma
ATORLIP 10MG (15 TAB),Pharma
FENOLAX 300MG (10 TAB),Pharma
LISTERINE COOL MINT M/W (500ML),Pharma
KETOCIP SHAMPOO 2% (100ML),Pharma
CLOCIP B CREAM (10GM),Pharma
GARNIER MEN ACNOFIGHT CREAM 45GM,Pharma
(CLOSED) NICOTEX 4 (MINT PLUS),Pharma
PAMPER ACTIVE BABY L18,Pharma
ASCORIL LS COUGH SYRUP (100ML),Pharma
NEOSPORIN H OINT (5GM),Pharma
HIMALAYA BABY CREAM (200ML),Pharma
VALPARIN 200MG (10 TAB),Pharma
ANDRE PLUS E/D (10ML),Pharma
SYSTANE HYDRATION E/D (10ML),Pharma
XERIGO CREAM (50GM),Pharma
DOMSTAL SYRUP (30ML),Pharma
ETOSHINE MR (10 TAB),Pharma
ADVENT 625MG (10 TAB),Pharma
NERVITE XT (10 TAB),Pharma
GENTEAL E/D (10ML),Pharma
WALKING STICK L TYPE,Pharma
DETTOL HAND SANITIZER 200ml,Pharma
VAIDRISHI ARSH KALP KIT,Pharma
CLOBETA GM CREAM (10GM),Pharma
VALCIVIR 1000GM (3 TAB),Pharma
FAA 20 SUSPENSION 150ML,Pharma
SOFRAMYCIN SKIN CREAM (30GM),Pharma
COLGATE MAXFRESH MOUTHWASH GREEN (100ML),Pharma
FREEGO PEG DYP 200 ML,Pharma
WHISPER ULTRA HYGIENE COMFORT XL+44 NOS,Pharma
CADIFAST (10 CAP),Pharma
RIFAGUT 550MG (10 TAB),Pharma
HYDROGEN PEROXIDE (100ML),Pharma
LETROZ 2.5MG (5 TAB),Pharma
DERMADEW ACNE SOAP (75GM),Pharma
COF-RYL COUGH SYRUP (100ML),Pharma
METASPRAY NASAL SPRAY (10GM),Pharma
AMODEP AT (15 TAB),Pharma
ELCEPHASE-1000 SR (10 TAB),Pharma
ALTHROCIN 500MG (10 TAB),Pharma
COTTON 200 GM,Pharma
DUREX EXTRA THIN BUBBLEGUM 3NOS,Pharma
DISPOVAN SYRINGE 10 ML,Pharma
DROTIN M (10 TAB),Pharma
JOHNSONS BABY TOP-TO-TOE BATH (200ML),Pharma
AZEE 500MG (3 TAB),Pharma
MIGARID 5 TABS,Pharma
CYCLOXAN TAB,Pharma
LACTOGEN NO.1,Pharma
TENOVATE OINT (15GM),Pharma
M.POKO STD S10,Pharma
A TO Z NS SYRUP (200ML),Pharma
(CLOSED) ZANDU FAST RELIEF GEL (15ML),Pharma
CANDID DUSTING POWDER (60GM),Pharma
CIPLAR 10MG (15 TAB),Pharma
DISPOVAN SYRINGE 5 ML,Pharma
TRIVOLIB 2MG 10 NOS,Pharma
(CLOSED) BETADINE SURG. SCR,Pharma
MEDISALIC OINT (20GM),Pharma
GARNIER COLOR POUCH NO 3,Pharma
NIVEA ALOE HYDRATION CREAM 100ML,Pharma
LANCET DEVICE PEN,Pharma
HYLOSOFT E/D (10ML),Pharma
PONDS MEN POLLUTION OUT F/W 50GM,Pharma
DOVE CONDITIONER POUCH 7ML,Pharma
M EARTH UBTAN FACE SCRUB (100GM),Pharma
M EARTH VITAMINE C FACE SCRUB (100GM),Pharma
M EARTH VITAMIN C FACE WASH (100ML),Pharma
PAMPER PANTS S15,Pharma
NADIBACT CREAM (10GM),Pharma
HHZOLE CREAM (10GM),Pharma
GLOCIN GEL (30GM),Pharma
DOXT-SL (10 CAP),Pharma
AEROCORT ROTACAPS (60 CAP),Pharma
PAMPER PANTS L2,Pharma
CLEAN & CLEAR FOAMING F/W 50 ML,Pharma
PAURUSH JIWAN (10 CAP),Pharma
HAMDARD JAWARISH JALINUS (125GM),Pharma
OLOPAT OD E/D (3ML),Pharma
FLUCOS DUSTING POWDER (100GM),Pharma
SKINVIT (10 TAB),Pharma
LA SHIELD SUNSCREEN GEL SPF40 (50GM),Pharma
LIVON SERUM ( 45ML/50ML),Pharma
MESACOL OD (15 TAB),Pharma
KRACK CREAM (25GM),Pharma
ESGIPYRIN (15 TAB),Pharma
FLOGEL E/D (10ML),Pharma
CIPLAR LA 20 (15 TAB),Pharma
AMTAS 5MG (30 TAB),Pharma
FABOLITE POWDER (300GM),Pharma
BAIDYANATH CHANDRAPRABHA BATI (40 TAB),Pharma
DUREX CON XT RIBBED 1*10,Pharma
ULTRACET SEMI (10 TAB) NRX,Pharma
CILNY 10MG (15 TAB),Pharma
M EARTH ONION HAIR OIL 150ML,Pharma
PARACHUTE OIL (100ML),Pharma
NEBICARD SM (10 TAB),Pharma
OLMIN 20 CH (10 TAB),Pharma
GLUCOSE D 400GM,Pharma
(CLOSED) ALEX SYRUP (100ML),Pharma
BAJAJ ALMOND HAIR OIL (45ML),Pharma
TVAKSH FACE CARE GENTLE F/W 60 ML,Pharma
COBADEX CZS (15 TAB),Pharma
TELMIKIND 40MG (10 TAB),Pharma
TOLAZ LA INJ 450 MG,Pharma
ZIPSYDON 20MG (10 CAP),Pharma
S NUMLO 5 (15 TAB),Pharma
AMLOPRES 5MG (30 TAB),Pharma
(CLOSED) FERIUM XT TAB 10 NOS,Pharma
THYRONORM 37.5 MCG (120 TAB),Pharma
LOTEPRED E/D (5ML),Pharma
HEDFREE (2 TAB),Pharma
SHELCAL CT MAX (15 CAP),Pharma
ULTRA MAGNESIUM 200MG (15 TAB),Pharma
BETADINE ONIT 10% (20GM),Pharma
P.G.MORE 150,Pharma
PEARS SOAP 125GM,Pharma
NIVEA CREAM 100ML,Pharma
TIDE PLUS 10 MG (10 TAB),Pharma
EASIBREATH SOFTGEL (10CAP),Pharma
ACETONE (100ML),Pharma
BUDENASE AQ NASAL SPRAY (7.5ML),Pharma
HIMALAYA DIAPER RASH CREAM (20GM),Pharma
ENTEROGERMINA ORAL,Pharma
METROGYL SUSPENSION (60ML),Pharma
NAVRATNA OIL (100ML),Pharma
CLOSEUP TOOTHPASTE (80GM),Pharma
L QUIN 500 TAB,Pharma
CEPODEM XP 325MG (10 TAB),Pharma
TUSQ X+ EXP COUGH SYRUP (100ML),Pharma
DABUR SARSON AMLA HAIR OIL (68ML),Pharma
SLOANS BALM (20GM),Pharma
VIBACT (10 CAP),Pharma
GEMCAL P SUSPENSION 150ML,Pharma
(CLOSED) DOVE INTENSE REPAIR CONDITIONER (80ML),Pharma
KS 3PC DOTTED,Pharma
TENEPLA M 500 (10 TAB),Pharma
PRASITA 10MG (10 TAB),Pharma
LIPICURE 40MG (15 TAB),Pharma
DABUR AMLA JUICE 1 LTR,Pharma
CRESAR 40MG (15 TAB),Pharma
GRILINCTUS BM COUGH SYRUP (100ML),Pharma
SENSODYNE BRUSH SOFT MRP 100,Pharma
PARK AVENUE AFTER SHAVE LOTION 50ML,Pharma
DETTOL SOAP SET 3+1 (150GM),Pharma
PREGABA M 75,Pharma
TYNOR POUCH ARM SLING M,Pharma
DETTOL ORIGINAL SOAP 125gm,Pharma
VICCO TURMERIC 15 GM,Pharma
ENVY NANO BEATS DEO (30ML),Pharma
(Closed) DETTOL ANTISEPTIC LIQUID 100 ML,Pharma
3M MICROPORE PAPER TAPE 1INCH,Pharma
METOCARD XL 25 (10 TAB),Pharma
ACUVIN (15 TAB) NRX,Pharma
DOMSTAL DT TAB,Pharma
PAXIDEP CR 25MG (10 TAB),Pharma
TELSARTAN 40MG (14 TAB),Pharma
GANATON TOTAL (10 CAP),Pharma
DENVER DEO (140ML),Pharma
MOOV SPRAY (50GM),Pharma
STIM SILKY BRUSH,Pharma
NUCOXIA MR (10 TAB),Pharma
HOMIDE EYE DROPS 5 ML,Pharma
EXERMET 1000 SR (15 TAB),Pharma
GILLETTE GUARD MRP 25,Pharma
AGINAL AT (10 TAB),Pharma
TIGER BALM WHITE (9ML),Pharma
BAIDYANATH VRIDHIWADHIKA BATI (80 TAB),Pharma
JANUVIA 50MG (7 TAB),Pharma
ORCERIN GM (15 TAB),Pharma
M.POKO EXTRA M6,Pharma
BUDECORT INHALER (200MCG),Pharma
ROSUBEST F (10TAB),Pharma
ORG IND TULSI GINGER TURMERIC,Pharma
TELMIKIND AMH (10 TAB),Pharma
ARISTOZYME SYRUP (200ML),Pharma
ORAL B BRUSH RS 85,Pharma
FURR BIKINI LINE RAZOR,Pharma
FURR ACNE RELIEF PATCH  30P,Pharma
ONDEM MD 8MG (10 TAB),Pharma
LOTUS SPF70 (60GM),Pharma
SENSODYNE EXTRA SOFT BRUSH 80,Pharma
MAXTRA P SYRUP (60ML),Pharma
GARNIER BRIGHT COMPLETE VITAMIN C F/W 50GM,Pharma
DABUR PUDIN HARA ACTIVE (30ML),Pharma
BENADRYL COUGH SYRUP (50ML),Pharma
OSTEOFOS 70MG (4 TAB),Pharma
DABUR JAMUN NEEM KARELA JUICE 1LTR,Pharma
TAZLOC BETA 50 (10 TAB),Pharma
FIGARO OLIVE OIL (1 LITRE),Pharma
TIOVA ROTACAPS (30 CAP),Pharma
SENSODYNE DEEP CLEAN (40GM),Pharma
TENORIC 50 MG (10 TAB),Pharma
THYRONORM 12.5 MCG (120 TAB),Pharma
BUDECORT RESPULES (1MG),Pharma
(CLOSED)DUOLIN 3 RESPULE,Pharma
KEO KARPIN HAIR OIL (200ML),Pharma
ZANDU ULTRA POWER BALM (8ML),Pharma
CHERICOF COUGH SYRUP (60ML),Pharma
PARACHUTE JASMINE HAIR OIL (45ML),Pharma
EVERYUTH F/W 50GM,Pharma
CIPZEN D (10 TAB),Pharma
STAR GTN 2.6MG (30 TAB),Pharma
DETTOL WET WIPES 40NOS,Pharma
BAJAJ ALMOND HAIR OIL (19ML),Pharma
GENMOX CV 625 TAB,Pharma
CANDIFORCE 200MG (10 CAP),Pharma
HIMALAYA RUMALAYA (60 TAB),Pharma
GABAPIN 100MG (15 TAB),Pharma
MORTIN REFIL 45 ML RS 75,Pharma
STIM UNIQUE BRUSH,Pharma
GLIMPER M2 FORTE (15 TAB),Pharma
KARPIN LOTION (2*15ML),Pharma
MINOZ OD 100 (10 CAP),Pharma
AMLOMED AT (10TAB),Pharma
FLOTRAL 10MG (30 TAB),Pharma
NOVACLOX LB (10 CAP),Pharma
PREGALIN 150MG,Pharma
CLINIC PLUS SHAMPOO (6ML),Pharma
DFO GEL (30GM),Pharma
RUTOVERGE FORTE D (10 TAB),Pharma
VERTIFORD 16 MG,Pharma
OLEANZ 5MG (10 TAB),Pharma
THYRONORM 150 MCG (120 TAB),Pharma
(CLOSED) SUNSILK BLACK SHINE SHAMPOO  180 ML,Pharma
(CLOSED) FAIR & LOVELY 25 GM,Pharma
NICIP PLUS GOLDEN,Pharma
NODOSIS GST (10 TAB),Pharma
ROZUCOR 20MG (10 TAB),Pharma
CETAPHIL GENTLE SKIN CLS (250ML),Pharma
GABAPIN NT 400 (15 TAB),Pharma
AB PHYLLINE N (10 TAB),Pharma
DUOVA INHALER,Pharma
TOREX SYP 100 ML,Pharma
ELOSONE HT CREAM (25GM),Pharma
OLMETRACK 20MG (10 TAB),Pharma
TELMA 80 H (15 TAB),Pharma
TELBID-LN (15 TAB),Pharma
ETOFORD MR (10 TAB),Pharma
TELLZY 40MG (15 TAB),Pharma
SCABOMA LOTION (100ML),Pharma
CHEENI KUM 90 BROWN BOX,Pharma
MIRNITE 7.5MG (10 TAB),Pharma
ATORLIP F (15 TAB),Pharma
LOPRAKING TAB,Pharma
SOMPRAZ D 40 (15 CAP),Pharma
BAIDYANATH KASAMRITA SYRUP (100ML),Pharma
ETOZOX 60MG (10TAB),Pharma
SALYTAR SOLUTION (100ML),Pharma
LEVEPSY 500MG (15 TAB),Pharma
ROOP MANTRA F/W 120 ML,Pharma
DIGEPLEX SYRUP (200ML),Pharma
OMNIPRES 40MG (10 TAB),Pharma
EMBETA XR 50 (30 TAB),Pharma
PARK AVENUE POCKET DEO 18ML,Pharma
NEBASULF POWDER (10GM),Pharma
VIGAMOX E/D (5ML),Pharma
AMLOVAS 5MG (15 TAB),Pharma
SENSODYNE BRUSH PACK 3 MRP 120,Pharma
THYROX 75 MCG (120 TAB),Pharma
FLUDAC 20MG (15 CAP),Pharma
DABUR HONEY (1 KG),Pharma
ACCUSURE NEBULISER,Pharma
URIMAX-D (15 TAB),Pharma
FORTIUS 10MG (10 TAB),Pharma
HIMALAYA PILEX FORTE OINT (30GM),Pharma
ROSULIP 5MG (15 TAB),Pharma
GILLETTE VECTOR+ BLADE 4 NOS,Pharma
TELMA BETA 25 (10 TAB),Pharma
OFLOX 200MG (10 TAB),Pharma
GNORM SACHET (765MG),Pharma
SEPTRAN TAB,Pharma
COTTON BANDAGE 15 CM (6 inch.),Pharma
NEOPEPTINE LIQUID (100ML),Pharma
LIZOFORCE DRY SYRUP (30ML),Pharma
KERAGLO-AD SHAMPOO 2% (75ML),Pharma
AMLONG 10MG (15 TAB),Pharma
HIMALAYA BABY CREAM (100ML),Pharma
PATANJALI DRISHTI E/D (10ML),Pharma
ERYTOP GEL (20GM),Pharma
KENACORT NEW 0.1% PASTE (7.5GM),Pharma
PONDS LIGHT MOISTURISER CREAM 49 GM,Pharma
HEXIGEL GEL (15GM),Pharma
HIMALAYA BRAHMI (60 TAB),Pharma
ALERID SYRUP (30ML),Pharma
WHISPER ULTRA HYGIENE XL+ 50 NOS,Pharma
GLYCOMET GP 1 FORTE (10 TAB),Pharma
GLYCOMET GP 0.5 (10 TAB),Pharma
MET STAMLO (10 TAB),Pharma
ECOSPRIN GOLD 40 (15 CAP),Pharma
INTAGLIP M  TAB,Pharma
STAMLO 2.5MG (30 TAB),Pharma
STAMLO 5MG (30 TAB),Pharma
P-6 OINTMENT (25GM),Pharma
ISOTINE PLUS E/D,Pharma
ODOMOS NATURALS SPRAY,Pharma
RELENT (15 TAB),Pharma
ZIVAST 10MG (10 TAB),Pharma
SELOKEN XL 25 (30 TAB),Pharma
ALMOX 250MG (15TAB),Pharma
DROTIN (15 TAB),Pharma
HIMALAYA SHUDDHA GUGGULU (60 TAB),Pharma
RHINOSET OXY NASAL SPRAY (10ML),Pharma
GLUCOPLUS C ORANGE 200GM,Pharma
ZINCONIA SYRUP (100ML),Pharma
OLAY NATURAL AURA CREAM 20GM,Pharma
OLAY NATURAL AURA CREAM 40GM,Pharma
GLIMESTAR PM2 (10 TAB),Pharma
FAIR&HANDSOME RADIANCE CREAM 60GM,Pharma
ORAL-B KIDS BRUSHES,Pharma
ODONIL JASMINE FRESH SPRAY,Pharma
GABAVIT P (10 CAP),Pharma
AIM 7 30XR (15 TAB),Pharma
(CLOSED) ENVY BLUSH WOMEN DEO,Pharma
TELVAS H 40/12.5 (10 TAB),Pharma
JOHNSONS MILK+RICE CREAM (50GM),Pharma
ODONIL ZIPPER JASMINE,Pharma
TETMOSOL ICY COOL SOAP,Pharma
BRINZOTIM E/D (5ML),Pharma
NETALO E/D (3ML),Pharma
COLGATE STRONG TEETH TOOTHPASTE (100GM),Pharma
DUREX EXTRA THIN CHOCOLATE 3NOS,Pharma
ANXIT 0.5MG (15 TAB) NRX,Pharma
ECOSPRIN AV 150 (15 CAP),Pharma
FLEXON MR (10 TAB),Pharma
HAEM UP RISE (15 CAP),Pharma
OLAY 7 IN ONE CREAM 20GM,Pharma
CLOSEUP TOOTHPASTE (45GM),Pharma
PIRFENEX TABS,Pharma
KAMASUTRA CONDOM 1*10,Pharma
SUHAGRA - 100,Pharma
PROPYSALIC NF 6 OINT (20GM),Pharma
LABOCLOX LB CAP,Pharma
LISTERINE COOL MINT MILD M/W (250ML),Pharma
PANTOCID DSR (15 CAP),Pharma
TRIVOLIB 2MG (15 TAB),Pharma
MET XL 12.5MG (20 TAB),Pharma
BIFILAC CAP (10 CAP),Pharma
SILOFAST D 8 (10 TAB),Pharma
ARACHITOL KIDS SOLUTION (15ML),Pharma
EUCALYPTUS (NILGIRI OIL) 30ML,Pharma
HAJMOLA SHISHI ANARDANA,Pharma
MECODILA OD,Pharma
MAXIRICH GOLD 30N,Pharma
PATANJALI ALOE VERA GEL 2+1 (150ML),Pharma
PONDS BRIGHT BEAUTY F/W 100GM,Pharma
SUNSILK FESTIVE KIT ( SHAMPOO+ CONDITIONER)  349 RS,Pharma
PONDS SUPER LIGHT GEL 50ML,Pharma
NEERI (30 TAB),Pharma
SUNSILK SHAMPOO 5.5 ML POUCH BLACK,Pharma
NAPROSYN D 250 (10 TAB),Pharma
TYNOR THUMB SPICA SPLINT,Pharma
LEVOLIN RESPULES (0.31MG),Pharma
HIMALAYA HERBOLAX (100 TAB),Pharma
JOHNSONS BABY POWDER (50GM),Pharma
NIVEA BODY LOTION 75 ML,Pharma
CIPLADINE POWDER (10GM),Pharma
CLARIBID 250MG (10 TAB),Pharma
EVERYUTH GOLDEN GLOW PEEL OFF (50GM),Pharma
LOCULA 30% E/D (5ML),Pharma
ENERZAL ORANGE (50GM),Pharma
ALLEGRA M (10 TAB),Pharma
ODOMOS CREAM 23 GM,Pharma
MEDIKER ANTI LICE OIL (50ML),Pharma
TRICHUP SHAMPOO 400ML,Pharma
IDROFOS 150 (3TAB),Pharma
DOVE SOAP (60GM) MRP27,Pharma
BIO D3 STRONG (10 CAP),Pharma
(CLOSED) CROCIN SUSP 60 ML(120),Pharma
NEUTROGENA DEEP CLEAN GENTLE F/CLEANSER 50GM,Pharma
LOREAL SHAMPOO 192.5 ML,Pharma
STIM HOPLIN KID PASTE 100GM,Pharma
DABUR LAL TAIL (100ML),Pharma
ACCU CHEK ACTIVE KIT,Pharma
MIGRAN TAB,Pharma
ZYRIK 300MG (10 TAB),Pharma
MEDISIST ADV HAND SANITIZER 100ML,Pharma
(CLOSED)SF SECURE DRY COVER XL 7NOS,Pharma
ENCELIN D 10 (10 TAB),Pharma
DROPERS,Pharma
FORACORT INHALER (400MCG),Pharma
AMLOVAS AT (15 TAB),Pharma
(CLOSED) ACIVIR 400MG DT (5 TAB),Pharma
TRIEXER 1MG (10 TAB),Pharma
JUFEX FORTE COUGH SYRUP (100ML),Pharma
DECA DURABOLIN INJECTION 25MG (1ML),Pharma
DABUR JANMA GHUNTI (125ML),Pharma
FELIZ S 5MG (10 TAB),Pharma
M EARTH MOSQUITO BODY ROLL ON,Pharma
VICKS BABYRUB (25ML),Pharma
NO SCARS CREAM,Pharma
CLOP G CREAM (30GM),Pharma
URINE CULTURE BOTTLE,Pharma
REVIZE MICRO 0.04% GEL (20GM),Pharma
GLIMDA 1 MG (10 TAB),Pharma
MEFTAL SPAS DS (10 TAB),Pharma
TAZLOC CT 80 (10 TAB),Pharma
GLUCON D REGULAR  500 GM,Pharma
ORAL B BRUSH RS 30,Pharma
GLUCONORM G2 FORTE (15 TAB),Pharma
FEBUCIP 40MG (10 TAB),Pharma
FOLLIHAIR 20 TAB,Pharma
VASELINE DEEP MOISTURE  LOTION  200ML,Pharma
MOOV CREAM (15GM),Pharma
VEET BODY WAX STRIPS (8N),Pharma
JOHNSONS BABY HAIR OIL (200ML),Pharma
JOHNSONS BABY HAIR OIL (100ML),Pharma
JOHNSONS BABY HAIR OIL (60ML),Pharma
DETTOL WET WIPES (10NOS),Pharma
PARK AVENUE SHAVING CREAM LEMON STORM,Pharma
TORGLIP M 50/500 (10 TAB),Pharma
COLGATE PAIN OUT DENTAL GEL 10GM,Pharma
GARNIER COLOR NO. 4,Pharma
PONDS MEN PIMPLE CLEAR F/W 50GM,Pharma
EYEMIST E/D (10ML),Pharma
SERTA 50MG (15 TAB),Pharma
ETIZOLA 0.25MG (15 TAB) NRX,Pharma
NAXDOM 250MG (15 TAB),Pharma
GENTEAL GEL E/D (10ML),Pharma
RABICIP 20MG (10 TAB),Pharma
JOHNSONS BABY LOTION (100ML),Pharma
METAFORT 500MG (15 TAB),Pharma
CHYMORAL PLUS (15 TAB),Pharma
DABUR JANMA GHUNTI (30ML),Pharma
GLUCOPLUS C ORANGE 450GM,Pharma
ROSEDAY GOLD 20 (10 CAP),Pharma
EPTUS-T 10 (20 TAB),Pharma
TRAJENTA 5MG (10 TAB),Pharma
DAPLO S 5/50 (10 TAB),Pharma
OMEZ 40MG (10 TAB),Pharma
OTRIVIN MOIST P NASAL DROPS (10ML),Pharma
GILLETTE VECTOR +,Pharma
PEESAFE DISPOABLE TOILET SEAT COVER,Pharma
DAPAVEL 5MG (10 TAB),Pharma
DEPSONIL 25MG (10 TAB),Pharma
PICLIN SYRUP (150ML),Pharma
VENPRES-M 50 (10 TAB),Pharma
MACTOTAL SUSPENSION 200ML,Pharma
HIMALAYA ALOE VERA WET WIPES 25NOS,Pharma
COTTON 75 GM,Pharma
GLYCOMET GP 4 FORTE (10 TAB),Pharma
TELSARTAN H (14 TAB),Pharma
B-TEX OINT (14GM),Pharma
VOLINI SPRAY (100GM),Pharma
PATANJALI SAUNDARYA F/W 60 GM,Pharma
TUSQ D COUGH LOZENGES (6 TAB) SF,Pharma
VITOMIN D3 SACHET,Pharma
FUCIBET CREAM (15GM),Pharma
AYURVEDIC KAYAM (30 TAB),Pharma
UDILIV 150MG (15 TAB),Pharma
M.POKO EXTRA XL30,Pharma
GLIMPER M 1 (15 TAB),Pharma
GLUCONORM PG 2 (15 TAB),Pharma
GA 12% CREAM (30GM),Pharma
FORACORT ROTACAPS 400MCG (30 CAP),Pharma
INSTAMET G1 (10 TAB),Pharma
MIXTARD 50HM PENFIL,Pharma
ABVIDA M 50/500 (15 TAB),Pharma
GLYCOMET TRIO 2 (10 TAB),Pharma
SILORUN 8MG (10 TAB),Pharma
DUTARUN TAB,Pharma
GABANTIP AT (10 TAB),Pharma
(Closed) OROFER XT TAB.10 NOS,Pharma
DICALIS (10 TAB),Pharma
OTRIVIN BABY SALINE NASAL SPRAY (10ML),Pharma
EYE MANTRA E/D (10ML),Pharma
ATORSAVE 40 (15 TAB),Pharma
BANDY 400MG (1 TAB),Pharma
BECOMAX C FORTE,Pharma
CETANIL TRIO 6.25 (10 TAB),Pharma
CELETOIN 300MG BOTTLE (30 TAB),Pharma
(CLOSED) BILASHINE 20 MG,Pharma
AZITHRAL 500MG (5 TAB),Pharma
RACIRAFT SUSPENSION (200ML) SF,Pharma
PREGNIDOXIN NU 10MG (30 TAB),Pharma
OTRIVIN PAEDIATRIC NASAL DROPS (10ML),Pharma
ORAL B BRUSH RS 49,Pharma
VASELINE DEEP MOISTURE LOTION 400ML,Pharma
B-MOX EYE DROPS,Pharma
DETTOL ANTISEPTIC LIQUID 1 LTR,Pharma
GLIMY M2 FORTE (10 TAB),Pharma
DIAMOND E/D (10ML),Pharma
DABUR SAT ISABGOL 45/50GM,Pharma
DIAPRIDE M2 (15 TAB),Pharma
OXYLIFE BLEACH CREAM (27GM),Pharma
OBIMET SR 500MG (15 TAB),Pharma
CALCIROL GRANULE 1 GM,Pharma
PREGABID NT (15 TAB),Pharma
GLOW &LOVELY AYURVEDIC CREAM 25 GM,Pharma
ASCORIL D PLUS COUGH SYRUP (100ML),Pharma
PATANJALI HALDI CHANDAN SOAP 75 GM,Pharma
CALFITH 500MG (10 TAB),Pharma
LUPITUSS COUGH SYRUP (100ML),Pharma
ERITEL 40MG (15 TAB),Pharma
HCQS 300MG (10 TAB),Pharma
HIMALAYA KOFLET SYRUP (100ML),Pharma
VASELINE COCOA BUTTER JELLY (21GM),Pharma
ABZORB DUSTING POWDER (100GM),Pharma
ZANDU PANCHARISHTA (450ML),Pharma
RA THERMOSEAL TOOTHPASTE (50GM),Pharma
NAVRATNA OIL (200ML),Pharma
(CLOSED) CREMAFFIN MINT 225 ML,Pharma
LOBATE GM NEO CREAM (20GM),Pharma
ECOSPRIN AV 150/20 (10 CAP),Pharma
TELBID AM (10 TAB),Pharma
PAMPER PANTS L21,Pharma
DETTOL POWDER HANDWASH,Pharma
CALPOL SUSPENSION 250MG (60ML),Pharma
SOLVINCOLD AF SYRUP (60ML),Pharma
(CLOSED) AMOXYCLAV DRY SYRUP  30ML  PAEDIATRIC,Pharma
EXTRALUBE E/D (10ML),Pharma
NEBI 2.5MG (10 TAB),Pharma
GILLETTE MACH 3 (FRESH CLEAN) RAZOR,Pharma
NEKSIUM D 40 CAP,Pharma
OLVANCE CT 20 TAB 10 NOS,Pharma
GLYCIPHAGE SR 1 (10 TAB),Pharma
PRODUCTIV F TAB,Pharma
COLOSPA 135MG (15 TAB),Pharma
MECONERV PLUS (10 TAB),Pharma
DOXY 1 LDR FORTE (10 CAP),Pharma
(Closed) JARDIANCE 90 /10 MG,Pharma
CORCIUM HD (10 TAB),Pharma
TIGATEL 40 TAB 20 NOS,Pharma
DOMSTAL O CAP,Pharma
PRESOLAR CAP,Pharma
VITAMIN A (10 TAB),Pharma
FAMTAC 40MG (14 TAB),Pharma
EVAMAX 400 MG,Pharma
THYRO ACE 25 MCG,Pharma
CEFPIL 500,Pharma
COSART H (10 TAB),Pharma
COSART 25MG (10 TAB),Pharma
LIPVAS 40 MG  ( 10 TAB),Pharma
DUBATRAN 110MG (10 CAP),Pharma
GLUCOZONE TAB,Pharma
BECOTAB NF TAB,Pharma
DOXYCEPT TAB,Pharma
DOXYLAB CAP,Pharma
PONDS BRIGHT BEAUTY SERUM CREAM 15 GM,Pharma
LIFEBUOY SOAP 10 R RED,Pharma
BRILINTA 90MG (14 TAB),Pharma
DYTOR PLUS LS 10 (15 TAB),Pharma
SIMBRINZA E/D (5ML),Pharma
TRAVACOM E/D (2.5ML),Pharma
FEM CREAM BLEACH (40GM),Pharma
BAIDYANATH SHANKHA PUSHPI SYRUP (200ML),Pharma
OBIMET V 0.3 TAB,Pharma
M.POKO STD XL1,Pharma
PATANJALI ALOE VERA GEL (60ML),Pharma
EPIDUO GEL (30GM),Pharma
DAPRICA M10 FORTE (10 TAB),Pharma
FEBUTAX 40MG (10 TAB),Pharma
SOFTOVAC POWDER (250GM) SF,Pharma
CANDID CREAM (30GM),Pharma
DETTOL LIQUID SOAP 200ml,Pharma
PELLIWASH SHAMPOO (100ML),Pharma
ZEMPRED 16MG (10 TAB),Pharma
METROGYL 200MG (15 TAB),Pharma
VERTIFORD 8MG (10 TAB),Pharma
(CLOSED) KENACORT 0.1 5GM PASTE 5GM,Pharma
CIFRAN OZ  (10 TAB),Pharma
(Closed) RABLET D CAP,Pharma
TELPIL 40MG (10 TAB),Pharma
RA THERMOSEAL TOOTHPASTE (100GM),Pharma
HIMALAYA NEEM F/W (50ML),Pharma
FOLITRAX 7.5MG (10 TAB),Pharma
HCQS 200MG (15 TAB),Pharma
(CLOSED) AZEE 100 REDIUSE,Pharma
NIVEA BODY MILK LOTION 200ML,Pharma
GLYXAMBI 10/5 (10 TAB),Pharma
MOISOL E/D (5ML),Pharma
GLUCOSE D 125GM,Pharma
OLMEZEST 20MG (10 TAB),Pharma
ELTROXIN 25 MCG (60 TAB),Pharma
PATE SAFA TAB 30 NOS,Pharma
PAMPER ACTIVE BABY S22,Pharma
HIT RED 200ML,Pharma
TELWAKE AM TAB 10 NOS,Pharma
BIFILAC SACHET 3 GM,Pharma
THYROX 100 MCG (120 TAB),Pharma
ISOFIT 10MG (10 TAB),Pharma
DIPROBATE PLUS LOTION (50ML),Pharma
PEESAFE REUSABLE MENSTRUAL CUP M,Pharma
STALIX 100MG (15 TAB),Pharma
PONDS POWDER 20GM,Pharma
PICOLEX SYRUP (200ML),Pharma
CLAVIX 75MG (15 TAB),Pharma
DILZEM 60MG (10 TAB),Pharma
CAVERTA 50MG (4TAB),Pharma
NEW REVOLIZER,Pharma
DABUR LAL TAIL (200ML),Pharma
AMLYCURE D.S. (20 CAP),Pharma
SU-MAG OINT (75GM),Pharma
LASIX 40MG (15 TAB),Pharma
SORBITRATE 10MG (50 TAB),Pharma
LIPIKIND 10MG (15 TAB),Pharma
JOSHANDA 33 GM,Pharma
FLEXURA D (10 TAB),Pharma
SF SECURE COTTONY REGULAR 18NOS,Pharma
VENUS COMFORTGLIDE RAZOR,Pharma
DAPANORM TRIO FORTE (10 TAB),Pharma
ZYTANIX 5MG (15 TAB),Pharma
SHELCAL XT (15 TAB),Pharma
HHSONE CREAM (10GM),Pharma
LITTLE BABY WET WIPES 30NOS,Pharma
(CLOSED)NIVEA MEN D.SPOT REDUCTION F/W 50GM,Pharma
KOJIVIT ULTRA GEL (30GM),Pharma
GILLETTE FOAM 196 GM,Pharma
ELTROXIN 125 MCG (60 TAB),Pharma
MAHAFLOX LP E/D 5 ML,Pharma
TELMIKIND TRIO 12.5 (10 TAB),Pharma
ENCORATE CHRONO 300 (10 TAB),Pharma
FOLVITE ACTIVE (15 CAP),Pharma
MOBIZOX (10 TAB),Pharma
DABUR HONITUS COUGH SYRUP SF (100ML),Pharma
POTASSIUM PERMAGANATE 20 GM,Pharma
ZELDINAC SP (10 TAB),Pharma
DETTOL SOAP SET 75 GM,Pharma
PATANJALI DANTKANTI PASTE 100 GM,Pharma
LYCAMOV CAP,Pharma
ENTERO PLUS SACHET,Pharma
FOLVITE MB  CAPS,Pharma
ATARAX ANTI ITCH LOTION,Pharma
(CLOSED) BETADINE HAND RUB (200ML),Pharma
ATEN AM (14 TAB),Pharma
PANKREOFLAT TAB,Pharma
A TO Z IMMUNE TAB,Pharma
SEBAMED ANTI HAIRLOSS SHAMPOO,Pharma
GLUCOPLUS C ORANGE 125GM,Pharma
GEMER-2 (15 TAB),Pharma
FUDIC BNF CREAM (10GM),Pharma
DIVAINE 50MG (10 TAB),Pharma
COVANCE D (10 TAB),Pharma
PARK AVENUE MORNING 150 ML 225 RS,Pharma
NAVRATNA MINT FRESH POWDER 100 GM,Pharma
ALTHROCIN 250MG (10 TAB),Pharma
DOXYNEC TAB 10NOS,Pharma
CINOD T 10,Pharma
SUSTEN SR 200 (10 CAP),Pharma
ONDEM 30 ML,Pharma
TYNOR LUMBO SACRAL BELT XL,Pharma
PEDIASURE VANILA (JAR) 200 GM,Pharma
AISA TAB,Pharma
GEMCAL D3 TAB,Pharma
VOLINI GEL (15GM),Pharma
MACBERY COUGH SYRUP (100ML),Pharma
MECONERV NP (10 TAB),Pharma
SENSODYNE DAILY PROTECTION (20GM),Pharma
MYFOS SACHET (8GM),Pharma
NUROKIND D3 (10 TAB),Pharma
CHICCO PASTE 6MN TO 6YRS,Pharma
8X CREAM (30GM),Pharma
GLUCOPLUS C LEMON 125GM,Pharma
NASELIN STEAM INHALATION  CAP,Pharma
TELPRES CT 40/6.25 (15 TAB),Pharma
B FIT UNDERPAD SHEET 10NOS,Pharma
CANDID DUSTING POWDER (120GM),Pharma
BILASURE M (10 TAB),Pharma
NICOTEX 2MG TIN PACK,Pharma
LIPLITE STRAWBERY,Pharma
SUGARFREE  GOLD 50 PELLETS,Pharma
CARLOC 12.5MG (15 TAB),Pharma
CARLOC 6.25MG (15 TAB),Pharma
LEVOLIN PLUS JR COUGH SYRUP (100ML),Pharma
ADVENT DRY SYRUP 228.5MG (30ML),Pharma
FREELAC SYRUP (200ML),Pharma
FAST CARD,Pharma
NIVEA SOFT BERRY BLOSM CRM 50ML,Pharma
CINKARA SYP 500 ML,Pharma
INDERAL 10MG (15 TAB),Pharma
ITCH GUARD PLUS (12GM),Pharma
VASELINE DEEP MOISTURE LOTION (90ML),Pharma
TEXIFEN 250MG (7 TAB),Pharma
TAYO 60K (8 TAB),Pharma
FOLVITE (45 TAB),Pharma
HALOVATE F CREAM (15GM),Pharma
DROTIN PLUS (10 TAB),Pharma
ETHAMCIP 500,Pharma
ETOFEX 180MG (10 TAB),Pharma
FIXON POWDER (15GM),Pharma
M.POKO STD L1,Pharma
AMLOGARD 5 MG (30 TAB),Pharma
DEMELAN CREAM (20GM),Pharma
TOPAZ 50MG (15 TAB),Pharma
ETOZOX 90MG (10 TAB),Pharma
OMEZ DSR (15 CAP),Pharma
SEBONAC SALICYLIC ACID GEL (30GM),Pharma
NEXPRO RD 40 (10 CAP),Pharma
THERMOSEAL REPAIR TOOTHPASTE (50GM),Pharma
ROCKBON TAB 15,Pharma
NORTIMER (10 TAB),Pharma
ROPARK 0.5MG (10 TAB),Pharma
K CIT SYRUP (200 ML),Pharma
M.POKO STD S1,Pharma
SUCRAL O SUSPENSION (200ML),Pharma
TYNOR WRIST BRACE WITH THUMB,Pharma
CLOPITAB (15 TAB),Pharma
AMLIP AT (10 TAB),Pharma
NUHENZ (10 CAP),Pharma
SUNSILK SHAMPOO (360ML),Pharma
LIFEBUOY SOAP LEMON FRESH RS10,Pharma
ALLEVION E/D (5 ML),Pharma
CERELAC NO10 WHEAT RICE MIXED FRUIT,Pharma
SIMILAC PLUS 2 STAGE 400GM,Pharma
ALLEGRA SUSPENSION (100ML),Pharma
DOVE BABY SOAP RICH MOISTURE 75GM,Pharma
CLEAN & CLEAR FOAMING F/W (100ML),Pharma
NIVEA SOFT BERRY BLOSM CRM 100ML,Pharma
REVITAL H  WOMAN (10 CAP),Pharma
NAPRA D 250 (10 TAB),Pharma
FLUTICIN NASAL SPRAY (12ML),Pharma
SCABEPIL LOTION (50GM),Pharma
SPORIDEX 250MG (10 CAP),Pharma
HYLOSOFT ECO E/D (5ML),Pharma
SURGITEX GLOVES NO 7.5,Pharma
ODONIL SANDAL BOUQUET SPRAY,Pharma
HIMALAYA NEEM FACIAL WET WIPES 25NOS,Pharma
LA SHIELD MINERAL SUNSCREEN GEL SPF 50,Pharma
CHYMORAL FORTE (20 TAB),Pharma
RIFAGUT 400MG (10 TAB),Pharma
B FIT ADULT DIAPERS XL 10NOS,Pharma
OMNIGEL STRONG SPRAY (55GM),Pharma
ZANDU RHUMASYL LINIMENT (100ML),Pharma
OLOPAT E/D (5ML),Pharma
(CLOSED) O B PRO COMFORT TAMPONS REGULAR,Pharma
MINTOP PRO  SOLUTION 75 ML,Pharma
SCALPE PLUS SHAMPOO (75ML),Pharma
PAPULEX CREAM 15GM,Pharma
TYNOR POUCH ARM SLING L,Pharma
DABUR AMLA CHURNA 100GM,Pharma
STIM FLOSSER,Pharma
FEZORB XTRA (10 TAB),Pharma
MICRODOX LBX (10 CAP),Pharma
(CLOSED) PANTOP D CAP,Pharma
3M MICROPORE PAPER TAPE 2INCH,Pharma
EVION-200MG (10 CAP),Pharma
TELVIN H (10 TAB),Pharma
MOREPEN BP MONITOR( BP-09),Pharma
BRUFEN 600MG (15 TAB),Pharma
(CLOSED)STERIPOWER PURE SANITIZER,Pharma
CORONATION HOT WATER BOTTLE LARGE PLAIN,Pharma
LEEKUF COUGH SYRUP (100ML),Pharma
CERELAC NO.6 WHEAT APPLE,Pharma
ODONIL ZIPPER CITRUS,Pharma
CLEAN & CLEAR AQUA F/W 50ML,Pharma
ZEPAM 0.5 TAB (NRX),Pharma
CETCIP SYRUP (30ML),Pharma
TUSQ D COUGH LOZENGES (6 TAB),Pharma
ZOLFRESH 5MG (15 TAB) NRX,Pharma
LEVERA 1000MG (10 TAB),Pharma
LAMITOR DT 100 (15 TAB),Pharma
ZIFI DRY SYRUP 100MG (30ML),Pharma
LANZOL JUNIOR 15MG (15 TAB),Pharma
M EARTH WET WIPES 72NOS,Pharma
MOOV SPRAY (80GM),Pharma
MOXICIP KT E/D,Pharma
VANTEJ TOOTHPASTE (50GM),Pharma
NIZRAL CREAM 30GM,Pharma
FUNGICROS CREAM (10GM),Pharma
TERBEST (7TAB),Pharma
TYNOR TT/ABDOMINAL BELT M,Pharma
VENIZ XR 37.5 (10 CAP),Pharma
CCM (40 TAB),Pharma
TRUSTRETIN 25MG (10 CAP),Pharma
HEMFER SYRUP (225ML),Pharma
PARK AVENUE AFTER SHAVE LOTION 100ML,Pharma
LOREAL COLOR,Pharma
SKORE 10 PC RS 95,Pharma
ODONIL ZIPPER LAVENDER,Pharma
NATRILAM 1.5/5MG (10 TAB),Pharma
NIVEA SOFT CREAM  25ml,Pharma
PEDIASURE CHOCO SACHET,Pharma
DICLOMOL (1 TAB),Pharma
KESH KING OIL (100ML),Pharma
LANCETS 30G FLAT (100N),Pharma
M EARTH RICE SUNSCREEN GEL 50GM,Pharma
HADENSA OINT (40GM),Pharma
VOMIKIND SYRUP (30ML),Pharma
DABUR MESWAK TOOTHPASTE (200GM),Pharma
BIO D3 MAX (15 CAP),Pharma
(CLOSED) ZINCOBVIT FORTE SYP 100 ML,Pharma
RISNIA  MD 4 TABS,Pharma
RISNIA MD 2 (10 TAB),Pharma
FORACORT ROTACAPS (100MCG),Pharma
MOXICIP D 5 ML,Pharma
SUMO GEL 30GM,Pharma
RABICIP D (15 CAP),Pharma
ZIPRAX DT 100 (10 TAB),Pharma
CRESAR PLUS TABS,Pharma
DYTOR PLUS 20 (15 TAB),Pharma
PARACIP DROPS (15ML),Pharma
LANZOL JUNIOR 30MG (10 TAB),Pharma
OLMECIP TRIO (10 TAB),Pharma
OLMECIP H (10 TAB),Pharma
LEVEPSY 250 TAB,Pharma
ROSULIP 20MG (15 TAB),Pharma
(CLOSED) LAMTEC 50 DT TABS,Pharma
(CLOSED) LAMTEC 100 DT TABS,Pharma
KETOMAC CREAM (30GM),Pharma
MYFAIR CREAM,Pharma
ALEX COUGH SYRUP (100ML),Pharma
DOLONEX DT 20MG (15 TAB),Pharma
MOXCLAV 625MG (10 TAB),Pharma
ODONIL LAVENDER MIST SPRAY,Pharma
RICONIA LP (15 TAB),Pharma
ZED PLUS EYE DROPS,Pharma
KZ LOTION (50ML),Pharma
FORCAN 200MG (4 TAB),Pharma
NYCIL CLASSIC POWDER,Pharma
URISPAS (15 TAB),Pharma
MELAVIS-5MG TAB,Pharma
GODREJ COLOR 33RS/35RS,Pharma
PHOTOBAN SUNSCREEN GEL SPF50 (60GM),Pharma
ORTHODEX GEL (30GM),Pharma
METOCARD XL 50 (10 TAB),Pharma
WHEAT GRASS JUICE 1000ML,Pharma
TENOVATE CREAM (30GM),Pharma
HIMALAYA MENTAT (60 TAB),Pharma
CLEARGEL AP GEL (15GM),Pharma
SOLVIN COLD (10 TAB),Pharma
NEPALACT Z E/D (5ML),Pharma
GILLETTE FUSION 5 RAZOR,Pharma
FERICIP XT (10 TAB),Pharma
OOSURE M 10Tab,Pharma
EYEBLISS UNDER EYE CREAM,Pharma
PROHANCE ACTIV 400GM,Pharma
NEOGADINE SYRUP (300ML),Pharma
KAMA SUTRA DEO (SPARK),Pharma
D -RISE 60K (4 CAP),Pharma
PARACHUTE OIL (25ML),Pharma
BROZEET LS COUGH SYRUP (100ML),Pharma
TAZLOC-H (10 TAB),Pharma
CONCOR AM 5 (10 TAB),Pharma
LOTUS KIDS SUN CREAM SPF 25 (50gm),Pharma
ACERA D TAB,Pharma
ORS PROLYTE NIMBU PANI 200ML,Pharma
METHYCOBAL 500MCG (15 TAB),Pharma
CHYMORAL AP (10 TAB),Pharma
CALOSOFT-AF LOTION (100ML),Pharma
JOHNSONS BABY POWDER BLOSSOMS (100GM),Pharma
SENQUEL F TOOTHPASTE (100GM),Pharma
(CLOSED) GARNIER MICELLAR CLEANSING WATER (125ML,Pharma
NEL CATH,Pharma
FERTISURE M (10 TAB),Pharma
CLOCIP DUSTING POWDER (100GM),Pharma
CORONATION EXAMINATION GLOVES L,Pharma
CERELAC NO12 MULTIGRAIN & FRUITS,Pharma
ZOSERT 50MG (10 TAB),Pharma
VICCO PASTE 200 GM,Pharma
DABUR RED TOOTHPASTE (200GM),Pharma
SENSODYNE SENSITIVITY AND GUM (70GM),Pharma
DABISTAR 110MG (10 CAP),Pharma
THIMIN TAB 10 NOS,Pharma
TENDOCARE FORTE (15 TAB),Pharma
TELMA AMH 40 (15 TAB),Pharma
SUPERMET XL 50 (15 TAB),Pharma
HIMALAYA TENTEX FORTE (10 TAB),Pharma
IMODIUM 2MG (4 CAP),Pharma
HIMALAYA LIP BALM,Pharma
CANDID LOTION (30ML),Pharma
(CLOSED)NIVEA MEN OIL CONTROL F/W 50GM,Pharma
M EARTH ONION HAIR OIL (100ML),Pharma
JOHNSONS BABY POWDER BLOSSOMS (200GM),Pharma
LEFRA 20MG (10 TAB),Pharma
AMLYCURE D.S. SYRUP (200ML),Pharma
NAVRATNA POWDER (100GM),Pharma
LIFEBUOY HANDWASH GERM PROTECTION 190ML,Pharma
(CLOSED)DENVER IMPERIAL DEO 165ML,Pharma
WHISPER BINDAZ NIGHTS XXXL 10NOS,Pharma
ZERODOL TH 4 (10 TAB),Pharma
ZANDU BRENTO SYRUP (200ML),Pharma
MACBERY DX COUGH SYRUP (100ML),Pharma
HUMINSULIN R INJECTION 40IU/ML (10ML),Pharma
MONTEK LC,Pharma
CLINDAC AP GEL (15GM),Pharma
AVAMYS NASAL SPRAY,Pharma
AUSTRIL NASAL SPRAY,Pharma
CETAPHIL OILY SKIN CLEANSER (125ML),Pharma
CHICCO BABY MOMENT SOAP,Pharma
M.POKO EXTRA S15,Pharma
EVERYUTH NATURALS WALNUT SCRUB 50 GM,Pharma
(CLOSED) AMLONG MT 50 (7 TAB),Pharma
FOGG PERFUME 120 ML,Pharma
(CLOSED) DOVE DRYNESS CARE SHAMPOO (180ML),Pharma
SEBAMED BABY LOTION 100ML,Pharma
NAVRATNA OIL (270ML),Pharma
DABUR AMLA HAIR OIL (180ML),Pharma
GLUFORMIN XL 500 (15 TAB),Pharma
ODONIL ZIPPER 5 Nos Pack,Pharma
ODONIL ZIPPER DAFFODIL,Pharma
PARK AVENUE EUPHORIA 50ML,Pharma
NAVRATNA ACTIVE DIO POWDER 50 GM,Pharma
(CLOSED) HIMALAYA PEACH LIP CARE,Pharma
ENVY POCKET DEO (18 ML),Pharma
CANDID B LOTION (30ML),Pharma
ZORYL M1 FORTE (15 TAB),Pharma
DIPSALIC F OINT (20GM),Pharma
TELVAS CT 40 (10 TAB),Pharma
FAIR & HANDSOME CREAM (25GM),Pharma
HIMALAYA BLEMINOR CREAM (30ML),Pharma
MISOPROST 200MG (10 TAB),Pharma
GLIZID M (15 TAB),Pharma
ASTHALIN ROTACAPS (60 CAP),Pharma
BUDECORT ROTACAPS  (30 CAP),Pharma
SASLIC FOAMING FACE WASH (60ML),Pharma
EXCELA LITE SKIN LOTION 100ML,Pharma
NADOXIN GEL (10GM),Pharma
TELVAS AM (10 TAB),Pharma
ETOFORD P (10TAB),Pharma
HIMALAYA GENTLE BABY SOAP (75GM),Pharma
BENZAC AC 5% GEL (30GM),Pharma
SURGICARE GLOVES NO 7,Pharma
ONABET CREAM (15GM),Pharma
KAMASUTRA CONDOM 1*3,Pharma
ZOMELIS MET 50/500 (15 TAB),Pharma
RESMILE (10 TAB),Pharma
PATANJALI NEEM KANTI SOAP 75 GM,Pharma
HIFENAC TH (10 TAB),Pharma
BEVON SYRUP (200ML),Pharma
VITCOFOL SYP 200ML,Pharma
CILNY M 50 (10 TAB),Pharma
PRAZOPILL-XL 5 (30 TAB),Pharma
VOMIFORD 4MG (10TAB),Pharma
DUREX INVISIBLE 1*10,Pharma
DUREX INTENSE TINGLING LUBE,Pharma
ROSULIP F 10 (10 TAB),Pharma
ZANDU RHUMASYL LINIMENT (50ML),Pharma
TELSAR 40MG (15 TAB),Pharma
DABUR SUPARI PAK LAGHU (125GM),Pharma
CILACAR 10MG (15 TAB),Pharma
MOXOVAS 0.3 MG TAB 10 NOS,Pharma
DUREX EXTRA RIBBED 1*3,Pharma
HIT ANTI ROACH GEL,Pharma
MOOV CREAM (30GM),Pharma
ROLIFLO OD 4 (10 CAP),Pharma
FOR IC (10 CAP),Pharma
MET XL 50 (15 TAB),Pharma
KAYAM CHURNA (120GM),Pharma
TRIBET 1MG (15 TAB),Pharma
BENFOMET FORTE (10 TAB),Pharma
DETTOL HAND SANITIZER 50ml,Pharma
FOL 5,Pharma
SENSODYNE FRESH MINT (150GM),Pharma
COLGATE TOTAL 12 TOOTHPASTE (120GM),Pharma
ARIEL MATIC TOP LOAD 1KG,Pharma
AP PUMING STONE,Pharma
LOOFA W.HANDLE,Pharma
ORS JEERA LIQUID 200ML,Pharma
MYORIL 4MG (10 CAP),Pharma
LEVIPILL 750MG (10 TAB),Pharma
COLGATE DENTAL FLOSS 5MT,Pharma
DOMSTAL DT 5 (10 TAB),Pharma
ESOZ D 40 (15 CAP),Pharma
WHISPER BINDAZ NIGHTS XXL+ 16 NOS,Pharma
AUTRIN (30 CAP),Pharma
MACBERY LS SYP (100ML),Pharma
DR ODIN STEAMER,Pharma
THYROX 25 MCG (120 TAB),Pharma
ENZOFLAM (10 TAB),Pharma
CHICCO BABY SHAMPOO NO TEARS 100ML,Pharma
CHICCO BABY BODY WASH & SHAMPOO 100ML,Pharma
TELVAS 20MG (15 TAB),Pharma
LOOZ SOLUTION (210ML),Pharma
EBERNET LOTION 40 GM,Pharma
ZERODOL TH 8 (10 TAB),Pharma
RESWAY-LS SYP 100ML,Pharma
PREMARIN 0.625MG,Pharma
LAKME PEACH MILK MOIST. 200ML,Pharma
ACNESOL GEL (20GM),Pharma
MORR F 5 % SOLUTION (60ML),Pharma
LUPIZOL ZS SHAMPOO (100ML),Pharma
RAYBIOTIC EAR DROPS (5ML),Pharma
POLYBION ACTIVE SYP. 250 ML,Pharma
GLIMISAVE M 2 (15 TAB),Pharma
(CLOSED) HIMALAYA LITCHI LIP CARE,Pharma
NEKSIUM 40MG,Pharma
NUROKIND PLUS RF (10 CAP),Pharma
ENVAS 5MG (15 TAB),Pharma
THYROX 50 MCG (120 TAB),Pharma
VENLOR XR 75 (10 CAP),Pharma
DABUR GULABARI ROSE WATER (59ML),Pharma
DOXINATE (30 TAB),Pharma
METOCARD XL 12.5 (10 TAB),Pharma
CADITRIL 2.6 TAB,Pharma
MOMATE CREAM (10GM),Pharma
MOISTUREX SOFT CREAM (100GM),Pharma
LEVOSIZ 5MG (15 TAB),Pharma
MEFTAL FORTE (10 TAB),Pharma
NEXPRO 40MG (15 TAB),Pharma
ZEE BEE SYRUP (10ML),Pharma
GATSBY HAIR GEL HARD (30gm),Pharma
VICKS ZZZQUIL NATURA,Pharma
BTN 5MG (10 TAB),Pharma
AMPOXIN 500MG (15 CAP),Pharma
OXALGIN DP (15 TAB),Pharma
LOTESOFT E/D (5ML),Pharma
OLCAN DS E/D (5ML),Pharma
DAFLON 1000MG (10 TAB),Pharma
ACE PROXYVON GEL (30GM),Pharma
QUTIPIN 100MG (10 TAB),Pharma
SEACOD (100 CAP),Pharma
CORONATION STEAMER,Pharma
MEDERMA ADV PLUS SCAR GEL (10GM),Pharma
MAXIFLO ROTACAPS 250MCG (30 CAP),Pharma
GATSBY HAIR GEL SUPER HARD (30gm),Pharma
SET WET HAIR GEL 50GM,Pharma
BELLADONNA PLASTER HANSAPLAST 1 NOS,Pharma
ETOFORD 120MG (10 TAB),Pharma
AZULIX 2 MF FORTE (15 TAB),Pharma
PATANJALI MULTANI MITTI F/PACK 60GM,Pharma
CLEAN & CLEAR PIMPLE CLEARING F/W 40 GM,Pharma
LOTUS UBTAN FACE SCRUB 100GM,Pharma
CARNISURE 500MG (10 TAB),Pharma
REACTIN 100 SR (10TAB),Pharma
BONMIN K2 (10 TAB),Pharma
ANDROANAGEN (10 TAB),Pharma
PROANAGEN (10 TAB),Pharma
KERAGLO MEN (30 TAB),Pharma
KERAGLO EVA (30 TAB),Pharma
KERAGLO MEN (10 TAB),Pharma
KERAGLO EVA (10 TAB),Pharma
SF ADV ALL NIGHT ULTRA COMFORT XL 7PC,Pharma
HIMALAYA GUDUCHI (60 TAB),Pharma
DABUR TULSI DROPS (30ML),Pharma
DOVE SOAP (100GM),Pharma
FREESTYLE OPTIUM STRIPS,Pharma
STIM INTERDENTAL BRUSH PINK,Pharma
CASTOR NF CREAM (15GM),Pharma
DABUR PARTHADYARISHTA (450ML),Pharma
(CLOSED) NIVEA SHOWER GEL ACTIVE CLEAN 250ML,Pharma
MONOCEF 1 GM  INJ,Pharma
MORTEIN MACHINE,Pharma
HIMALAYA BRESOL (60 TAB),Pharma
TAYO RAGA (10 TAB),Pharma
CAL 123 TOTAL ( 15 TAB),Pharma
MEGLOW PRO-CARE SUNSCREEN 50SPF 50ML,Pharma
OMRON DIGITAL THERMOMETER,Pharma
ENTROFLORA (10 CAP),Pharma
ZINCOVIT SYRUP (200ML),Pharma
NIVEA BODY MILK 75ML,Pharma
LANTUS PENFILL 100IU/ML (3ML),Pharma
RECLIMET XR FORTE (15 TAB),Pharma
CLINIC PLUS SHAMPOO 175 ML,Pharma
ASTHALIN 4MG (10 TAB),Pharma
SACUVAL 50MG (10 TAB),Pharma
EMOFORM R TOOTH PASTE (50GM),Pharma
GLUJECT S 10MG ( 10 TAB),Pharma
PROTINEX MAMA VANILA 250 G,Pharma
(CLOSED)DENVER POCKET PERFUME BLACKCODE,Pharma
VEET BODY WAX STRIPS (20N),Pharma
CETAPHIL SUN SPF50 LIGHTGEL (50ML),Pharma
(CLOSED) FAA 20 TAB,Pharma
SAT ISABGOL TEL. 50 GM,Pharma
HIP HOP FOREHEAD & CHIN STRIPS 6 NOS,Pharma
HIP HOP NOS STRIPS 3 NOS,Pharma
AMLONG MT 50MG (15 TAB),Pharma
TEGRITAL CR 300 (10 TAB),Pharma
LOBET 100MG (10 TAB),Pharma
OLMESAR 40MG (15 TAB),Pharma
SUPER SONIC CAP,Pharma
TYNOR TENIS ELBOW SPORT (M),Pharma
DABUR ASHOKARISHTA (450ML),Pharma
MOOV CREAM (10GM),Pharma
NYCIL COOL HERBAL 150 GM,Pharma
TNIB ER (10 TAB),Pharma
M.POKO EXTRA L5,Pharma
PATANJALI NEEM TULSI F/W 60 GM,Pharma
TELVAS BETA 25 (10 TAB),Pharma
ULGEL A SUSPENSION (200ML),Pharma
EMBETA XR 12.5 (10 TAB),Pharma
NEUTROGENA DEEP CLEAN F/CLEANSER 50ML,Pharma
TECZINE 10 MG TAB 10 NOS,Pharma
VENPRES 40MG (10 TAB),Pharma
BELLA VITA WOMEN DEO,Pharma
SELSUN DAILY SHAMPOO (60ML),Pharma
DOXINATE PLUS (30 TAB),Pharma
CARMEST BIKINI RAZOR,Pharma
EXEL GN CREAM (15GM),Pharma
DUREX EXTRA THIN CHOCOLATE 10NOS,Pharma
KRIMSON 35 (21 TAB),Pharma
NUCOXIA 120MG (10 TAB),Pharma
GLOW & HANDSOME CREAM 50GM,Pharma
GABATOR 100MG (10 TAB),Pharma
GLYCOLATE 1MG (10 TAB),Pharma
HALOVATE S OINT (30GM),Pharma
DIAMOX (15 TAB),Pharma
PERINORM 10MG (10 TAB),Pharma
SAVLON 200ML,Pharma
ENVAS 10MG (15 TAB),Pharma
COTTON 500GM,Pharma
SOFY PANTYLINER DAILY FRESH 40P,Pharma
DEXAMET INJECTION 2ML VIAL,Pharma
LASIX INJECTION 4ML,Pharma
DICLOGESIC SODIUM INJECTION 2ML,Pharma
DABUR LAL DANT MANJAN (55GM),Pharma
ZINCOVIT DROPS 15 ML,Pharma
PRODEP 20MG (10 CAP),Pharma
CHICCO DIAPER RASH CREAM 50GM,Pharma
CHICCO BABY RICH CREAM 50GM,Pharma
CIPLADINE SOLUTION (100ML),Pharma
HIP HOP NAIL POL REMOVER WIPES 30NOS,Pharma
HANSAPLAST JUMBO BAND AID,Pharma
(CLOSED) ENVY NANO CLUB (30ML),Pharma
ONDERO MET 2.5/1000 (10 TAB),Pharma
ROPARK 0.25MG (10 TAB),Pharma
HUMINSULIN INJECTION 30/70 (10ML),Pharma
AMPLINAK E/D,Pharma
DABUR GULABARI ROSE WATER (120ML),Pharma
ONE TOUCH SELECT STRIPS (50N),Pharma
CIPRODAC 250 Mg 10tab,Pharma
CLOP E CREAM 20GM,Pharma
FUCIDIN CREAM (15GM),Pharma
ELOVERA PRO LOTION 100GM,Pharma
CIPLADINE OINT (15GM),Pharma
(CloseD) STERILE GAUZE SWABS (POUCH),Pharma
STIM ORTHO BRUSH,Pharma
NEXOVAS TM 50 (10 TAB),Pharma
MOXIMAX D E/D,Pharma
ESSENZA PLUS (10 CAP),Pharma
DABUR GULKAND 200 GM,Pharma
T BACT OINT (5GM),Pharma
MORTEIN COIL 8HRS,Pharma
DETTOL SHAVING CREAM (60GM),Pharma
VEET HR CREAM MEN (50GM),Pharma
UJALA E/D (10ML),Pharma
LITTLE BABY WET WIPES 80 NOS,Pharma
BAIDYANATH BRAMHI BATI (80 TAB),Pharma
COLGATE MAXFRESH MOUTHWASH GREEN (250ML),Pharma
TIGBODERM RF CREAM (15GM),Pharma
GALVUS MET 50/500 (15 TAB),Pharma
GLOW & LOVELY INSTANT GLOW  F/W 100GM,Pharma
HIMALAYA BLACKHEAD  WALNUT SCRUB (50GM),Pharma
ATORLIP 20MG (15 TAB),Pharma
SARTEL AM (15 TAB),Pharma
TEARS NATURALE FORTE E/D (10ML),Pharma
PEE SAFE TAMPONS SUPER PLUS  16 NOS,Pharma
WHISPER ULTRA HYGIENE XL+ 28 NOS,Pharma
TRYPTOMER 10MG (30 TAB),Pharma
MEGANEURON OD PLUS (10 CAP),Pharma
CLIN 3 FACE WASH (60ML),Pharma
CYSTOPEN  (10 CAP),Pharma
FUCIDIN H CREAM (15GM),Pharma
LUBIMOIST ULTRA E/D 10ML,Pharma
GLOW & LOVELY INSTANT GLOW  F/W 50GM,Pharma
(CLOSED) DOVE EVENTONE ROLL ON 50ML,Pharma
CETAPHIL MOISTURIZER LOTION 500ML,Pharma
MECONERV Z SYRUP (200ML),Pharma
(CLOSED)DENVER POCKET PERFUME HAMILTON,Pharma
WHISPER B N KOALA SOFT XXL+ 5 NOS,Pharma
NIVEA ALOE HYDRATION BODY LOTION 200ML,Pharma
PARK AVENUE DEO 150ML,Pharma
GLUCON D ORANGE SACHET 22GM,Pharma
NEBICARD 5MG (10 TAB),Pharma
GLOW & LOVELY AYURVEDIC CREAM  50GM,Pharma
VIS TEARS E/D (10ML),Pharma
(CLOSED) ATCHOL 10mg (10TAB),Pharma
NEKSIUM 20MG,Pharma
GLYCOMET GP 3/850 (10 TAB),Pharma
DOVE BODY LOTION 100ML,Pharma
RIVELA SUNSCREEN LOTION SPF50 (50ML),Pharma
ORCIBEST 10MG (15 TAB),Pharma
OSMEGA 300MG (30 CAP),Pharma
BRO ZEDEX COUGH SYRUP SF (100ML),Pharma
CLARIBID 500MG (10 TAB),Pharma
FML E/D (5ML),Pharma
ECONORM SACHET (765MG),Pharma
SYSTAFLAM GEL (50GM),Pharma
PYX PASTE (100GM),Pharma
PONDS BRIGHT BEAUTY MINERAL CLAY F/W 90GM,Pharma
COMPLAN SECHET18 GM,Pharma
DABUR CHYAWANPRAKASH 900 GM SF,Pharma
DYDROPREG 10MG (10 TAB),Pharma
MOYZEN MOISTURIZING CREAM (100GM),Pharma
LACTO CALAMINE LOTION PURPLE (60ML),Pharma
BETNOVATE SKIN CREAM (20GM),Pharma
MENOPACE ISO (10 TAB),Pharma
HANSAPLAST HEAT PLASTER,Pharma
HANSAPLAST MICROPORE 0.5INCH,Pharma
ZYDIP C CREAM (20GM),Pharma
NIVEA MEN D.SPOT REDUCTION CREAM 30ML,Pharma
MAXIFLO FORTE ROTACAPS,Pharma
TYNOR TENIS ELBOW SPORT (S),Pharma
STUGERON (25 TAB),Pharma
TERBEST CREAM (30GM),Pharma
GLUCOPLUS C LEMON 500GM,Pharma
AMBRODIL COUGH SYRUP (100ML),Pharma
GILLETTE SHAVE GEL (60GM),Pharma
JOHNSONS MILK+RICE LOTION (50ML),Pharma
RENSA FOAMING FACE WASH (150ML),Pharma
DUOLIN R/C,Pharma
LOREAL PARIS EXTRA ORDNARY SHAMPOO POUCH,Pharma
CEFTUM 250MG (4 TAB),Pharma
ZOCON 150MG (3 TAB),Pharma
GASTICA DROPS (15ML),Pharma
SAVLON LIQUID 50 ML,Pharma
SIMILAC -2 STAGE 400 GM,Pharma
VENPRES 40 H (10 TAB),Pharma
SF SECURE COTTONY XL WITH WINGS 40PCS,Pharma
SEBODRUF S SOL (100ML),Pharma
CERELAC NO 12 MULTIGRAIN DAL VEG,Pharma
EPILIVE 500MG (15 TAB),Pharma
STARPRESS XL 12.5 (10 TAB),Pharma
GARNIER COLOR NO. 1,Pharma
BELATIN M (10 TAB),Pharma
PIOZ MF 15MG,Pharma
DERIPHYLLIN RETARD 150 (30 TAB),Pharma
MAXTRA SYRUP (60ML),Pharma
JOHNSONS BABY POWDER (400GM),Pharma
OMNIGEL GEL (10GM),Pharma
ZANDU BALM (25ML),Pharma
WHISPER CHOICE NIGHT XXL 6 NOS,Pharma
MOXIKIND CV 625MG (10 TAB),Pharma
NIVEA SOFT CREAM ( 100ML ),Pharma
B FIT ADULT DIAPERS PANTS M 10,Pharma
PROHANCE MOM CHOCOLATE 200GM,Pharma
SIZOPIN 200MG (10 TAB),Pharma
SIZOPIN 50MG (10 TAB),Pharma
DIATOM M (10 TAB),Pharma
LITHOSUN 300MG (10 TAB),Pharma
GARNIER PURE ACTIVE F/W,Pharma
OTEK AC NEO E/D (5ML),Pharma
CLONATE OINT (20GM),Pharma
DERMOCALM LOTION (100ML),Pharma
COZYMIN PLUS (10 TAB),Pharma
ACCUSURE SIMPLE GLUCOSE STRIP (2*50),Pharma
VENUSIA CREAM (100GM),Pharma
SAVLON LIQUID 100 ML,Pharma
DENVER BODY SPA SOAP DETOX 125gm,Pharma
9 PM E/D (2.5ML),Pharma
COMBIGAN E/D (5ML),Pharma
ZITHROX-500MG (3 TAB),Pharma
AMLONG A (15 TAB),Pharma
DENVER POCKET DEO (18ML),Pharma
SYMBIOTIK XL 625 (10 TAB),Pharma
JOHNSONS MILK+RICE LOTION (100ML),Pharma
HIMALAYA BABY  LOTION (100ML),Pharma
DERIPHYLLIN (30 TAB),Pharma
NEBICARD 2.5MG (15 TAB),Pharma
KOHINOOR EXTRA TIME 1*3,Pharma
CAZIQ PASTE (5GM),Pharma
(CLOSED) BEPLEX FORTE TAB C BIOTIN,Pharma
(CLOSED) NIVEA ROLL ON RS 115,Pharma
ENVY DEO (165ML),Pharma
EVERYUTH ALOE VERA CUCUMBER GEL (100GM),Pharma
HIMALAYA ANTI DANDRUFF SHAMPOO (200ML),Pharma
M EARTH VITAMIN C MOISTURIZER 80gm,Pharma
X-FRESH DROP 10ML,Pharma
BEER SHAMPOO (180ML),Pharma
DABUR ICHHABHEDI RAS,Pharma
PRELIN MNT (10 TAB),Pharma
ERYTOP N GEL (15GM),Pharma
TELMA AMH 80 (15 TAB),Pharma
VENPRES 40 AMH (10 TAB),Pharma
PEPSODENT SOFT BRUSH RS 20,Pharma
RING CUTTER OINT (14GM),Pharma
DABUR HONEY (20GM),Pharma
PONDS SERUM BOOST SUNSCREEN SPF35 50GM,Pharma
Normal Saline NS 500 ML,Pharma
TAZLOC 40MG (10 TAB),Pharma
HANSAPLAST WATERPROOF BAND AID,Pharma
M.POKO EXTRA XL9,Pharma
LUX SOAP 100GM SET,Pharma
TSART 40MG (15 TAB),Pharma
DABUR JANMA GHUNTI (60ML),Pharma
GOLDCERIN TOTAL (10 CAP),Pharma
ECO TEARS E/D (15ML),Pharma
ANO METROGYL CREAM (20GM),Pharma
PARK AVENUE VOYAGE 150 ML,Pharma
MAHAFLOX EYE DROPS 5 ML,Pharma
LANCETS 30G ROUND (100N),Pharma
COLGATE BRUSH KIDS 2+ E SOFT,Pharma
REVITAL H WOMEN  (30 CAP),Pharma
MELOSET 3MG (10 TAB),Pharma
MOXIFORD E/D 5ML,Pharma
METOSARTAN 50 (10 TAB),Pharma
DAPAFORD 10MG (15 TAB),Pharma
DUREX CON XTDT 1*10,Pharma
VALPARIN CHRONO 300 (10 TAB),Pharma
ASTHAKIND DX COUGH SYRUP SF (100ML),Pharma
SOMPRAZ D 20 (15 CAP),Pharma
TYNOR KNEE CAP L,Pharma
CLOCIP DUSTING POWDER (75GM),Pharma
ODONIL GEL POCKET FLORAL VALLEY 10gm,Pharma
ODONIL GEL POCKET WILD FOREST 10gm,Pharma
STIM HOPLIN BABY PASTE 80GM,Pharma
M EARTH ONION SHAMPOO 250ML,Pharma
HBSALIC OINT (20GM),Pharma
NERVXTRA CAP,Pharma
JOHNSONS BABY CREAM (100GM),Pharma
ZENTEL (1 TAB),Pharma
ALPRAX 0.5MG (15 TAB) NRX,Pharma
UTWELL SUSPENSION 200ML,Pharma
FREEDONAP 500MG (10 TAB),Pharma
CLINIC PLUS SHAMPOO 355 ML,Pharma
LISTERINE FRESHBURST M/W (80ML),Pharma
KIWI COTTON BALLS (50 BALLS),Pharma
RAPITUS COUGH SYRUP (100ML),Pharma
RAYSTAT EAR DROPS (5ML),Pharma
XERODEL CREAM 50G,Pharma
FLAMINGO HEAT BELT XL,Pharma
MIGRAFEN (10TAB),Pharma
PROTIMED 200gm,Pharma
ONDEM SYRUP (30ML),Pharma
MEDILICE CREAM (30GM),Pharma
MEDIKER SHAMPOO (50ML),Pharma
METATOP NASAL SPRAY (12GM),Pharma
SILVEREX IONIC GEL (10GM),Pharma
GUDCEF 200MG (10 TAB),Pharma
LARIAGO (10 TAB),Pharma
LOTEPRED LS  E/D 5ML,Pharma
MATILDA ER (10 TAB),Pharma
DUREX MASSAGE LUBE ALOE VERA 200ML,Pharma
CAL4U MAX (10 CAP),Pharma
A TO Z GOLD (15 CAP),Pharma
CARDACE 2.5MG (15 TAB),Pharma
ALPRAX 0.25MG (15 TAB),Pharma
JALRA M 50/1000 (15 TAB),Pharma
MEGANEURON (10 CAP),Pharma
PROPYGENTA NF CREAM (30GM),Pharma
CETAPHIL BABY SHAMPOO 200 ML,Pharma
CHICCO BABY BODY WASH & SHAMPOO 200ML,Pharma
CANDID MOUTH PAINT (25ML),Pharma
NEOPEPTINE DROPS (15ML),Pharma
PHENERGAN SYRUP (100ML),Pharma
WHISPER CHOICE XL 18NOS,Pharma
SURFAZ SN CREAM 10 GM,Pharma
LITTLES POLY MAXI BOTTLE 240 ML,Pharma
PROTINEX DIABETES CARE 200 GM,Pharma
SYNDOPA CR 125 (10 TAB),Pharma
NEUROCAP G (10 CAP),Pharma
OMNACORTIL 20MG (10 TAB),Pharma
EUMOSONE M CREAM (15GM),Pharma
WHISPER PANTY LINERS NORM 20NOS,Pharma
UVEDGE SUNSCREEN GEL SPF30 (100GM),Pharma
LOMELA CREAM (18GM),Pharma
RABLET D (15 CAP),Pharma
GEMCAL (15 CAP),Pharma
METSMALL 500MG (28 TAB),Pharma
DOVE SHAMPOO (180ML),Pharma
(CLOSED) DOVE DAILY SHINE CONDITIONER 80ml,Pharma
CLEAN & CLEAR BERRY F/W (50ML),Pharma
DABUR SHANKHPUSHPI SYRUP 450 ML,Pharma
PIRFENEX 400MG (15 TAB),Pharma
I KNOW OVULATION STRIPS,Pharma
CERELAC NO 6 WHEAT,Pharma
GLUCONORM G 2 TAB,Pharma
LIVOGEN Z (15 TAB),Pharma
(CLOSED) CABGOLIN 0.25 MG TAB,Pharma
SOFTOVAC POWDER (250GM),Pharma
TEDIBAR SOAP 75 GM,Pharma
MANFORCE STAYLONG TAB,Pharma
FEFOL Z (15 CAP),Pharma
BAIDYANATH ABHAYARISHTA (450ML),Pharma
BAIDYANATH KUMARI ASAV (450ML),Pharma
M EARTH ONION HAIR MASK (200GM),Pharma
BAIDYANATH MAHABHRINGRAJ TEL (200ML),Pharma
MECOFORT G (10 TAB),Pharma
AZTOR ASP 75MG (10 CAP),Pharma
JOHNSONS BABY LOTION (50ML),Pharma
GILLETTE GUARD BLADE 6NOS,Pharma
HIMALAYA KARELA (60 TAB),Pharma
NUROKIND OD (20 TAB),Pharma
FEM HAIR REMOVAL CREAM ROSE (60GM),Pharma
DAYVIGO 10MG (10 TAB),Pharma
ATIVAN 1MG (30 TAB) NRX,Pharma
TOPINATE GEL (30GM),Pharma
CHIRONORM (10 TAB),Pharma
CLINSOL SOAP 75GM,Pharma
FLOGEL ULTRA E/D (10ML),Pharma
DABUR MAHANARAYAN TAIL (100ML),Pharma
NEWTEL 40MG (10 CAP),Pharma
STARPRESS XL 25 (15 TAB),Pharma
DEPLATT A 150 (10 TAB),Pharma
STATPURE F 10 (10 TAB),Pharma
VOAGE 10MG (10 TAB),Pharma
(CLOSED) FEBUGET 40 TAB 10 NOS,Pharma
LAKME CC CREAM 9 GM,Pharma
KAYAM CHURNA ADVANCE (100GM),Pharma
LSDEW SOAP,Pharma
BILASURE 20MG (10 TAB),Pharma
HYMOS MOISTURIZER,Pharma
PARK AVENUE SAVING CREAM  CLASSIC,Pharma
ZOLE F SKIN OINT (15GM),Pharma
NORMAXIN (20 TAB) NRX,Pharma
PIGEON NIPPLE 12+ MONTH (LL),Pharma
REJUNEX OD (10 CAP),Pharma
HANSAPLAST ROUND BAND AID,Pharma
VEET HR CREAM WOMEN (50GM),Pharma
AMLOPRES 2.5MG (15 TAB),Pharma
BENADRYL COUGH SYRUP (150ML),Pharma
FIGARO OLIVE OIL (200ML),Pharma
RAJVAIDYA RASAYAN VATI (60 TAB),Pharma
CALCYON D3,Pharma
INDOCAP SR (10 CAP),Pharma
CALCYON FORTE (10 CAP),Pharma
CIFRAN CT (10 TAB),Pharma
OPHTHA CARE E/D  (10ML),Pharma
EMBETA XR 25 (30 TAB),Pharma
GARNIER MEN OIL CLEAR F/W 100GM,Pharma
FEBUTAZ 40MG (15 TAB),Pharma
ETOVA ER 400 (10 TAB),Pharma
DESOSOFT CREAM (10GM),Pharma
VOVERAN TPM GEL,Pharma
DUOPIL 1/500 (10 TAB),Pharma
REGESTRONE 5MG (10 TAB),Pharma
GLIPTAGREAT M 500 (10 TAB),Pharma
JOHNSONS BABY SHAMPOO (100ML),Pharma
COLGATE VISIBLE WHITE TOOTHPASTE (100GM),Pharma
OSTEOVIN PLUS (15 TAB),Pharma
NEXITO PLUS (NRX),Pharma
LUPIZYME PLUS SYRUP (200ML),Pharma
GLUCONORM ZXR 60 (15 TAB),Pharma
PAMPER PANTS M12,Pharma
SESA OIL (90ML),Pharma
LASILACTONE 50MG (10 TAB),Pharma
WINOLAP E/D (5ML),Pharma
OLMETOR H (10 TAB),Pharma
ROSUBEST 20MG (10 TAB),Pharma
OLMIN 20 A (10 TAB),Pharma
CLOPIBID A 75 (10 TAB),Pharma
M.POKO EXTRA XXL7,Pharma
CHICCO WET WIPES 20 NOS,Pharma
TIGBODERM RF CREAM (5GM),Pharma
FURR BODY SHAVING RAZOR,Pharma
CHICCO BABY MOMENT SOAP 3+1,Pharma
T-MINIC SYRUP (60ML),Pharma
MONTAIR AB (10 TAB),Pharma
PATANJALI ALOE VERA GEL F/W 60ML,Pharma
DENTOGEL GEL (15GM),Pharma
HIT BLACK 625 ML,Pharma
HIT BLACK LIME 400ML,Pharma
CLEAN & CLEAR FOAMING F/W 150 ML,Pharma
ENERZAL LIME 50 GM,Pharma
REVELOL AM 25/5 (15 TAB),Pharma
SOFY PANTYLINER ANTIBACTERIA (36NOS),Pharma
NASELIN NASAL SPRAY (10ML),Pharma
ENVY DEO (120ML),Pharma
K FRESH GEL E/D (10ML),Pharma
MULTANI PACHMEENA SYRUP (300ML),Pharma
SF ADV ULTRA COMFORT XL 14PC,Pharma
(CLOSED)SF DRY MAX ALL NIGHT DRY XL 14NOS,Pharma
OMNIGEL SPRAY (20GM),Pharma
GM SR 2 (10 TAB),Pharma
DERMI COOL 50 GM,Pharma
BAMBOO TOOTHPICK,Pharma
POCKET TISSUE 10 PCS,Pharma
THROMBOPHOB OINT (20GM),Pharma
GABANEURON NT 300 (15 TAB),Pharma
GILLETTE REGULAR SHAVING CREAM 30GM,Pharma
MISS CARE WET WIPES 25NOS,Pharma
INSTARAFT SUSPENSION (200ML) SF,Pharma
PANOXIMET (15 TAB),Pharma
NEXPRO 20MG (15 TAB),Pharma
IMIQUAD CREAM SACHET,Pharma
CLINSOL GEL (15GM),Pharma
FIDONAL CREAM (30GM),Pharma
VATIKA SHAMPOO,Pharma
(CLOSED) COLGATE ACTIVE SALT 200 Gm,Pharma
NEURO D3 60K  (8 CAP),Pharma
BURNOL CREAM 15gm,Pharma
CTD 12.5MG (15 TAB),Pharma
ROZUCOR F 5 (10 TAB),Pharma
CLEAN & CLEAR LEMON F/W 50 ML,Pharma
ACIVIR 200MG DT (10 TAB),Pharma
SELSUN SUSPENSION (60ML),Pharma
INDERAL 40MG (15 TAB),Pharma
RABLET 20MG (15 TAB),Pharma
AVIL 25MG (15 TAB),Pharma
MESACOL SUPPOSITORY (500 MG),Pharma
SAT ISAB GOL NATURE CARE 375 GM,Pharma
NICE GLYCERIN (400GM),Pharma
RYALTRIS-MONO NASAL SPRAY (18GM),Pharma
LULIMAC CREAM (20GM),Pharma
REUNION (10 TAB),Pharma
DANOGEN 200MG (10 CAP),Pharma
LOTUS KIDS SUNSCREEN SPF25 (100GM),Pharma
ACIVIR 800MG DT (5 TAB),Pharma
ODONIL ROSE GARDEN SPRAY,Pharma
FLAMINGO COOL PACK REGULAR,Pharma
KOHINOOR PINK 1*10,Pharma
SCRABIC SOAP,Pharma
(CLOSED)BIO D3 FEM CAP 10 NOS,Pharma
LISTERINE COOL MINT M/W (80ML),Pharma
NESCAFE CLASSIC COFFEE 50GM,Pharma
(CLOSED)NICE HAND SANITIZER 125ML,Pharma
VENPRES - CH,Pharma
NEXOPIL 40 TAB,Pharma
TENEPLA M 1000 (10 TAB),Pharma
DILVAS 5 MG,Pharma
MOXI E/D,Pharma
GLUCO CHECK 50 STRIPS,Pharma
PONDS BRIGHT BEAUTY SERUM CREAM 7GM,Pharma
PONDS COLD CREAM 100G,Pharma
CHARMIS CREAM 175 ML,Pharma
MEGLOW WOMEN  CREAM 30 GM,Pharma
MANFORCE 50 TAB 9 NOS,Pharma
LIZOFORCE 600 MG TAB 4 NOS,Pharma
TILSTIGMIN TAB,Pharma
BANDY PLUS 12 MG TAB 1 NOS,Pharma
REVLON COLOR,Pharma
MENOPACE (15 CAP),Pharma
RAYBROM E/D,Pharma
CEFLOX E/D,Pharma
ATORLIP ASP 20MG (10 CAP),Pharma
VOMINORAM 10 MG,Pharma
MAXIFLO INHALER (250MCG),Pharma
P.G MORE -M,Pharma
IBUZONE -PLUS SYP 60 ML,Pharma
DETTOL SOAP COOL 10RS,Pharma
REMO-ZEN MV 500 (10 TAB),Pharma
TAMDURA (10 CAP),Pharma
RAMCOR 5MG (10 CAP),Pharma
HOLY TEAR ULTRA E/D (10 ML),Pharma
COLGATE KIDS BATTERY T BRUSH BARBIE,Pharma
LIFEBUOY LIQUID SOAP 185 ML,Pharma
BRIMOCOM E/D (5ML),Pharma
CENTRUM KIDS 30 GUMMIES,Pharma
HYLA PF E/D (10ML),Pharma
ETISAN 0.25MG MD (10 TAB) NRX,Pharma
SENSODYNE BRUSH PACK 3 (MRP 220),Pharma
TELWAKE BETA 25 (10 TAB),Pharma
BETADINE POWDER (10GM),Pharma
ENZICTRA DS 10TABS,Pharma
PARODONTAX GUM CARE TOOTHPASTE (75GM),Pharma
SENSODYNE SOFT BRUSH (MRP 110),Pharma
OMNIGEL SPRAY (35GM),Pharma
GLISEN MF 1 (15 TAB),Pharma
J&J BABY CARE KIT 610/-,Pharma
TRICLENZ HAIR CLEANSER (250ML),Pharma
LEVOSIZ 10MG (15 TAB),Pharma
PANTOP D (15 CAP),Pharma
VANIZA GEL 10GM,Pharma
REJUMAC (30 TAB),Pharma
KOJIGLO GEL (20GM),Pharma
SOFY  BODY FIT XL 18NOS,Pharma
AZULIX 1 MF (15 TAB),Pharma
CANDIFORCE 100MG,Pharma
BAIDYANATH PANCHASAVA (450ML),Pharma
FOLLIHAIR A (15 TAB),Pharma
M.POKO STD L7,Pharma
TELMA CT 40/6.25 (15 TAB),Pharma
DILNIP 10MG (15 TAB),Pharma
DUREX CON XTHN 1*10,Pharma
MOMATE LOTION (30ML),Pharma
TENEPLA 20MG (10TAB),Pharma
ROSUDIL 10MG (10 TAB),Pharma
TOLPERITAS D (10 TAB),Pharma
REPLAID POWDER 105gm,Pharma
NIVEA COCOA NOURISH BODY LOTION 200 ML,Pharma
CENTRUM WOMEN (30TAB),Pharma
CENTRUM ADLUTS 50+ TAB,Pharma
METSMALL 1000MG (14 TAB),Pharma
REXIDIN SRS MOUTHWASH (150ML),Pharma
NEVANAC E/D (5ML),Pharma
TORSIBID PLUS 10 LS (10 TAB),Pharma
TORGLIP M 50/1000 (10 TAB),Pharma
PEE SAFE TAMPONS SUPER 16 NOS,Pharma
PTH 30,Pharma
ACEMIZ MR (10 TAB),Pharma
CHICCO BABY BODY WASH & SHAMPOO 500ML,Pharma
DOLOGEL GEL (15GM),Pharma
ACNE-UV GEL SPF30 (60GM),Pharma
TUGAIN MEN SOLUTION 5% (60ML),Pharma
AZEFLO FT NASAL SPRAY (9.8GM),Pharma
PATERNIA XT (10 TAB),Pharma
B LONG F (30 TAB),Pharma
M.POKO STD M32,Pharma
HIMALAYA ALOE VERA WET WIPES 10NOS,Pharma
ACE PROXYVON (10 TAB),Pharma
I KNOW PREGNANCY KIT,Pharma
DOVE SOAP SET 1*3,Pharma
FOLITRAX 15MG (10 TAB),Pharma
M EARTH VITAMIN C FOAMING F/W 150ML,Pharma
DUREX CON AIR 1*10,Pharma
(CLOSED)DENVER PERFUME HAMILTON 60ML,Pharma
SUPRACAL (10 TAB),Pharma
GLUCRETA 5MG (10 TAB),Pharma
PAMPER PANTS M6,Pharma
CARLOC 3. 125MG (15 TAB),Pharma
PD STAR (10 CAP),Pharma
VOLIBO 0.3MG (10 TAB),Pharma
(CLOSED) TELSARTAN 20MG (14 TAB),Pharma
CANDITRAL 100MG (10 CAP),Pharma
NAN PRO NO 2 (400GM),Pharma
CIPLAR 40MG (15 TAB),Pharma
INDULEKHA OIL (50ML),Pharma
PERFECT ORTHO HEATING GEL BAG PLAIN,Pharma
FRIENDS AD DIAPERS L,Pharma
FIGARO OLIVE OIL (5 LITRE),Pharma
VALZAAR 80MG (10 TAB),Pharma
PARK AVENUE CONQUER 50ML,Pharma
M EARTH C3 FACE MASK 100GM,Pharma
GLIMESTAR 1 MG TAB 10 NOS,Pharma
DABUR AVIPATTIKAR CHURNA (60GM),Pharma
HIMALAYA DIABECON DS (60 TAB),Pharma
LUX SOAP 100GM SET 4+1,Pharma
FEBUSTAT 40MG (15 TAB),Pharma
TIGER BALM RED (9ML),Pharma
JOHNSONS BUDS (75N),Pharma
LUBRIJOINT PLUS (60 TAB),Pharma
CYCLOMUNE 0.1% E/D (3ML),Pharma
TANTRA JELLY SACHET,Pharma
HAMDARD SUALIN (60 TAB),Pharma
PATANJALI ALOE VERA GEL (150ML),Pharma
FLUTIVATE SKIN CREAM (20GM),Pharma
CIPLADINE OINT (10GM),Pharma
LEE BIOTIC (10CAP),Pharma
CONCOR COR 2.5 (10 TAB),Pharma
DOXIPREG (10 TAB),Pharma
TRENAXA 500 MG,Pharma
MOIZ LMF 48 LOTION (200ML),Pharma
BILUMA CREAM (15GM),Pharma
DEPLATT 150MG (10 TAB),Pharma
GLUCOPLUS C ORANGE 1KG,Pharma
AUGMENTIN 375MG (10 TAB),Pharma
SEBOWASH SHAMPOO 125 ML,Pharma
CALCIGEN D3 (4 TAB),Pharma
COMPLAN CHOCOLATE 200gm,Pharma
GLUCOMOL 0.5% E/D (5ML),Pharma
EMESET 8MG (10 TAB),Pharma
GEOMAX 3G CAP,Pharma
ORNI 500MG (10 TAB),Pharma
TSART TRIO 12.5 (10 TAB),Pharma
NEXOVAS 10 MG (15 TAB),Pharma
WARF 2MG (30 TAB),Pharma
HIMALAYA GENTLE BABY WET WIPES 24N,Pharma
URIMAX 0.2MG (15 CAP),Pharma
VOVERAN 50 GE (15 TAB),Pharma
SUGARFREE  GOLD 100 PELLETS,Pharma
BRINZOX E/D (5ML),Pharma
PAMPER PANTS XXL9,Pharma
M.POKO EXTRA XXL15,Pharma
DOMSTAL BABY DROPS (5ML),Pharma
ENVY NANO BLAZE (30ML),Pharma
JOHNSONS BABY OIL (50ML),Pharma
TOPIROL 25MG (10 TAB),Pharma
BEARD HAIR WAX 25GM,Pharma
MONTEK-FX (15 TAB),Pharma
LUX SOAP (75GM),Pharma
SUSTEN SR 300 (10 TAB),Pharma
TRETIN 0.5% CREAM (30GM),Pharma
TRETIN 0.25% CREAM (30GM),Pharma
KIWI COTTON PADS,Pharma
URSOCOL SR 450 (15 TAB),Pharma
NORTRYPTOMER P SR 50 (10 TAB),Pharma
KETOCIP SHAMPOO 1% (100ML),Pharma
RESTECLIN 500MG (10 CAP),Pharma
DETTOL FOAMING HANDWASH 200ML,Pharma
PONDS POWDER  50GM,Pharma
SUPER ACT.99 CAPS,Pharma
ROSUVA GOLD 10 (10 CAP),Pharma
HOMOCHECK (10 CAP),Pharma
LOSAR 50MG (15 TAB),Pharma
LIPROSS 20MG (10 TAB),Pharma
HIMALAYA REFRESHING BABY SOAP (75GM),Pharma
GILLETTE VECTOR+ BLADE (6NOS),Pharma
JOHNSONS BABY WET WIPES 72 NOS,Pharma
COLGATE KIDS BATTERY T BRUSH BATMAN,Pharma
FOL XT (15 TAB),Pharma
LIOFEN XL 10 (10 CAP),Pharma
BAIDYANATH BRAMHI BATI (20 TAB),Pharma
HORLICKS WOMENS PLUS 400GM,Pharma
ATORVA-10MG (15 TAB),Pharma
LOREAL TOTAL REPAIR 5 SHAPOO 396 ML,Pharma
DUONASE NASAL SPRAY (7GM),Pharma
NGT CARE 2.6,Pharma
NEBI AM (10 TAB),Pharma
DENVER BLACK CODE COLOGNE TALC 100gm,Pharma
HIMALAYA MEN PIMP CLR NEEM F/W (100ML),Pharma
DETTOL DISINFECTANT SPRAY 225ml,Pharma
NIVEA DEO COOL KICK,Pharma
ODONIL GEL POCKET CITRUS BLOOM 10gm,Pharma
QUTIPIN 25MG (10 TAB),Pharma
NAN PRO NO 3 (400GM),Pharma
SCABPER SOAP 75G,Pharma
PRODEP 10MG (10 CAP),Pharma
MIRTAZ 7.5MG (10 TAB),Pharma
HIMALAYA KOFLET LOZENGES(10 NOS),Pharma
TIXYLIX LS COUGH SYRUP (60ML),Pharma
NUCOXIA P (15 TAB),Pharma
HIMALAYA BABY GIFT PACK,Pharma
DUREX LUBE (50ML),Pharma
HANSAPLAST MICROPORE 2.5CM,Pharma
STATFIT-F (10 TAB),Pharma
TRENAXA MF (6 TAB),Pharma
NOVAMOX CV 625 (10 TAB),Pharma
CLOVE OIL (3GM),Pharma
NAVRATNA  POWDER 18 GM,Pharma
(Closed) HAJMOLA REGULAR SACHET,Pharma
M.POKO EXTRA M28,Pharma
MULTANI KUKA SYP 100ML (BROWN),Pharma
DEFCORT 12MG (6 TAB),Pharma
VELDROP EYE DROP (10 ML),Pharma
CANDID V6 (6 TAB),Pharma
GLIMIPREX MF 1/500 (10 TAB),Pharma
MOVICOL PEADIATRIC 6,Pharma
DERMI 5 CREAM (15GM),Pharma
RABIROS D (10 CAP),Pharma
DILZEM SR (10 TAB),Pharma
PARI CR 12.5 TAB,Pharma
STATOR F (15 TAB),Pharma
TFCT NIB (10 TAB),Pharma
ROOP MANTRA CUCUMBER F/W 100ml,Pharma
THERMOSEAL PROXA NS,Pharma
FLUCORT N SKIN CREAM (20GM),Pharma
LECOPE SYRUP (30ML),Pharma
GLYXAMBI 25/5 (10 TAB),Pharma
CERELAC NO.18 5GRAINS&FRUITS,Pharma
MELANO TX CREAM (15GM),Pharma
ISPACIL SAT ISABGOL 100GM,Pharma
OLEANZ RT 10 (10 TAB),Pharma
VOLIBO M 0.2 (10 TAB),Pharma
CIPCAL SYRUP 150 ML,Pharma
PREGALIN X SR 75 (15 TAB),Pharma
OLEMESSA BABY SOAP,Pharma
DAPLO S 10/100 (10 TAB),Pharma
INSUGEN N INJECTION 40IU/ML (10ML),Pharma
NERF PLUS (10 CAP),Pharma
(CLOSED) BACLOF OD 20 (10 TAB),Pharma
ENVY POWDER (100GM),Pharma
NEXPRO RD 20 (10 CAP),Pharma
ISPACIL SAT ISABGOL 200GM,Pharma
SENSODYNE FRESH GEL (150GM),Pharma
( CLOSED )TACROZ FORTE OINT 20GM,Pharma
DIOVOL SYP MANGO FLAV 170 ML,Pharma
RANIDOM MPS 170 ML,Pharma
HIMALAYA GENTLE BABY WASH (200ML),Pharma
KEO KARPIN HAIR OIL (100ML),Pharma
ATCHOL 20MG (10 TAB),Pharma
LOREAL ANTI FALL SHAMPOO POUCH,Pharma
PACIMOL ACTIVE (10 TAB),Pharma
TOPISAL 3% OINT (30GM),Pharma
EVION 400MG (20 CAP),Pharma
ROZAT 10MG (15 TAB),Pharma
TYNOR KNEE CAP M,Pharma
NICE LIQUID PARAFFIN (100ML),Pharma
NEEM PLUS DENTAL PASTE 100GM,Pharma
VOAGE M 5/1000 (10 TAB),Pharma
(CLOSED)I TYZA 200 MG CAP 7 NOS,Pharma
LUPIDIUM (10 TAB),Pharma
FERTOMID 50 TABS,Pharma
GABAGESIC 100MG (10 TAB),Pharma
VENIZ XR 150 (10 CAP),Pharma
(Closed)  GILLETE GUARD RAZOR 1nos,Pharma
(CLOSED) HIMALAYA STRAWBERRY LIP CARE,Pharma
DILZEM 30 MG,Pharma
NEOSPORIN SKIN OINT (30GM),Pharma
AMLIP 2.5MG (10 TAB),Pharma
LACTOGEN NO 3,Pharma
REVITAL H MEN (30 CAP),Pharma
LISTERINE COOL MINT M/W (250ML),Pharma
IODEX (40GM),Pharma
ZANDU BALM (50ML),Pharma
CENTRUM MEN  (30TAB),Pharma
ACULAR LS E/D (5ML),Pharma
MEDISPIRIT (100ML),Pharma
DUREX STRAWBERRY 50ML,Pharma
REJUNEX CD3 (10 TAB),Pharma
WHISPER ULTRA SOFT AIR FRESH XL+ 30 NOS,Pharma
NUROKIND FAST STRIP,Pharma
(CLOSED)LIFEBUOY HAND SANITIZER 500 ML,Pharma
JALRA DP (10 TAB),Pharma
GLIMY 3 (10 TAB),Pharma
LIVOGEN (15 TAB),Pharma
(CLOSEd) COLGATE TOOTHPASTE 80gm Bubble Fruit,Pharma
M EARTH ONION SHAMPOO 100ML,Pharma
EZACT 90MG (10 TAB),Pharma
CYCLOREG CR 10 TAB,Pharma
VOVERAN D (10 TAB),Pharma
IODEX SPRAY (35GM),Pharma
JOHNSONS BABY SHAMPOO (200ML),Pharma
CHEKFALL 60ml,Pharma
TRAPIC MF,Pharma
NAIL PAINT REMOVER,Pharma
NEOSPORIN ANTIBIOTIC OINT (10GM),Pharma
ITCH GUARD PLUS (5GM),Pharma
LAXMI VILASH RAS,Pharma
HIMALAYA CLEAR COMPLEXION F/W (100GM),Pharma
GLOBAC Z SYP 200 ML,Pharma
KAZIFLUR E/D (5 ML),Pharma
NERVZ B CAPSULE (10 CAP),Pharma
LACTIFIBER POWDER (90GM),Pharma
URILOSIN D (10 TAB),Pharma
SECNIL FORTE  1G (2 TAB),Pharma
TELPIL - A (10 TAB),Pharma
PROTINEX MAMA CHOCO 250,Pharma
ENTEROGERMINA (4 CAP),Pharma
M EARTH UBTAN FOAMING F/W 150ML,Pharma
REVELOL XL 25 (15 TAB),Pharma
EQUIREX (NRX),Pharma
DAILYGLIM M2 FORTE (10 TAB),Pharma
TRIOLSAR 20MG (10 TAB),Pharma
DIAMICRON MR 30 (10 TAB),Pharma
BIGFUN JELLY SACHET,Pharma
FURR FACE RAZOR,Pharma
HIMALAYA OIL CLEAR F/W (150ML),Pharma
NUCOXIA 60MG (15 TAB),Pharma
GLIMCOR M1 FORTE (15 TAB),Pharma
PREGABID 75MG (15 CAP),Pharma
GLUCON D REGULAR 125GM,Pharma
SKORE 10PC RS 80,Pharma
METROGYL P 2% (20GM),Pharma
CYCLOMUNE 0.05 % E/D (3ML),Pharma
BIOTIQUE  MOISTURIZE & NOURISH F/W (100ML),Pharma
CORONATION HOT WATER BOTTLE (SUPER DELUX),Pharma
ENERZAL ORANGE (100GM),Pharma
ZINCONIA 50MG (10 TAB),Pharma
GREEN LEAF ALOEVERA GEL 120GM,Pharma
B FIT ADULT DIAPERS M 10NOS,Pharma
M.POKO STD XL6,Pharma
EBAST 10MG (10 TAB),Pharma
PROTINEX ORIGINAL 400gm,Pharma
AMBROLITE D COUGH SYRUP (110ML),Pharma
ALEX JUNIOR COUGH SYRUP (60ML),Pharma
NIZRAL SHAMPOO 50 ML,Pharma
DILPRA OD 750 (10 TAB),Pharma
BISOLONG 2.5MG (10 TAB),Pharma
VEET HR CREAM MEN S SKIN (30GM),Pharma
BAIDYANATH KHADIRARISHTA (450ML),Pharma
DABUR LAL TAIL (50ML),Pharma
RABLET -L (10 CAP),Pharma
M EARTH ONION SHAMPOO (200ML),Pharma
TOBACIN EYE/EAR DROPS (5ML),Pharma
MAXTRA P DROPS 15 ML X 1,Pharma
EYE 18 E/D 10 ML,Pharma
(CLOSED) ZANDU COUGH SYP 100 ML,Pharma
ORDENT (10 TAB),Pharma
ZANDU PANCHARISHTA DR (450ML),Pharma
GABANEURON (15 TAB),Pharma
OLMESAR 20MG (15 TAB),Pharma
GILLETTE MACH3 BLADE (2NOS),Pharma
GARNIER WRINKLE LIFT CREAM 40GM,Pharma
GILLETTE WILKINSON,Pharma
CANDID TOTAL PLUS CREAM (20GM),Pharma
GLIMY M 2 (15 TAB),Pharma
AZEE 250MG (6 TAB),Pharma
ACCU CHECK ACTIVE STRIPS (50N),Pharma
FEBUGET 40MG (15 TAB),Pharma
ALDACTONE 25MG (15 TAB),Pharma
GLUCONORM SR 1 (15 TAB),Pharma
NOVAMOX SUSPENSION 125MG (60ML),Pharma
ALOGRACE CREAM (50GM),Pharma
GLUCONORM G 1 (15 TAB),Pharma
BETADINE GARGLE 2% (50ML),Pharma
PEE SAFE TAMPONS REGULAR 16 NOS,Pharma
ARISTOZYME (15 CAP),Pharma
BIONECT CREAM (15GM),Pharma
CHERICOF COUGH SYRUP SF (100ML),Pharma
SUNCOTE SUNSCREEN GEL SPF30 (100GM),Pharma
ZYROVA ASP 75 (10 TAB),Pharma
GLIMDA 2 MG (10 TAB),Pharma
METROGYL DG GEL FORTE (20GM),Pharma
PREGABANYL NT (10 TAB),Pharma
PILOCAR E/D (5ML),Pharma
URIMAX F (15 CAP),Pharma
AMODEP TM (10 TAB),Pharma
ZIGLIM PLUS 1 (10 TAB),Pharma
MGD3 (10 TAB),Pharma
CARDIVAS CR 10MG (10 TAB),Pharma
MEGAHEAL GEL (50GM),Pharma
BETNOVATE GM CREAM (20GM),Pharma
PARASONE 5G (10 CAP),Pharma
(CLOSED) ENO COLA FLAVOUR 5G,Pharma
PEDIASURE VANILLA SACHET,Pharma
TIGER BALM WHITE (21ML),Pharma
GARNIER WRINKLE LIFT CREAM 18GM,Pharma
TIGER BALM RED (21ML),Pharma
MOTHER CARE BABY WIPES 60NOS,Pharma
PEDIASURE CHOCO POWDER (400GM/375GM),Pharma
ORASORE (10 TAB),Pharma
FREELAC SYRUP (100ML),Pharma
P-6 (24 CAP),Pharma
PRACTIN 4MG (10 TAB),Pharma
VENUS WOMEN SAFETY RAZOR,Pharma
ROSUVAS CV 10 (10 TAB),Pharma
SOMPRAZ L (10 CAP),Pharma
ESAM 2.5MG (10 TAB),Pharma
WHISPER BINDAZ NIGHTS XL+  15 NOS,Pharma
SOTALAR 40 MG TAB,Pharma
HIMALAYA CLARINA CREAM (30GM),Pharma
LUBRIMED ULTRA E/D 10 ML,Pharma
HEMFER XT (10 TAB),Pharma
CLINDAC A SOLUTION 1% (25ML),Pharma
T -MUCE OINT (5GM),Pharma
(CLOSED) GLUCO STRIPS BG-03 50 Strips,Pharma
LOTUS SPF40 (50GM),Pharma
VICKS ZZZQUIL NATURA (10 GUMMIES),Pharma
(CLOSED) DOVE INTENSE REPAIR SHAMPOO 180ML,Pharma
TENACID MF,Pharma
ZYMAXID 0.5% E/D (2.5ML),Pharma
FLUR E/D (10ML),Pharma
CARISOMA COMP TAB,Pharma
TOFARUS GEL (10GM),Pharma
HEXIDINE MOUTHWASH (500ML),Pharma
CALSMA  GOLD ( 10 CAP),Pharma
(CLOSEd) ENVY POCKET BLUSH (18ML),Pharma
(Closed) CREMAFFIN M F (225ML),Pharma
TIXYLIX LS SYRUP 100ML,Pharma
CALADRYL LOTION (65ML),Pharma
SILVEREX IONIC GEL (20GM),Pharma
M.POKO EXTRA XL5,Pharma
SPORLAC PLUS (10 CAP),Pharma
LOTUS Cream,Pharma
LEFNO 20MG (10 TAB),Pharma
PARACHUTE HOT HAIR OIL (90ML),Pharma
DOXOLIN 200MG (30 TAB),Pharma
BOURNVITA 75GM,Pharma
DETTOL LIQUID SOAP  5 LTR,Pharma
LOREAL TOTAL REPAIR 5 SHAMPOO POUCH,Pharma
ASPIRATION NEEDLE (NA-201SX-4022),Pharma
BALLOON (MAJ 1351),Pharma
GM-SR 1 (10TAB),Pharma
AMLOKIND AT (15 TAB),Pharma
GLUTAFACE FACE CREAM (30GM),Pharma
STREAX HAIR SERUM ( 90ML ),Pharma
CHLOROCOL H OINT 3GM,Pharma
CAVERTA 25MG (4 TAB),Pharma
TELSITE 20 MG TAB,Pharma
HYALUGEL 30gm,Pharma
NICE BORIC ACID (20GM),Pharma
OLMESAR A (15 TAB),Pharma
METOSARTAN CH 25 (10 TAB),Pharma
POLYBION ACTIVE SYRUP (150ML) SF,Pharma
OSTOCALCIUM SUSPENSION (200ML),Pharma
REVITAL H MEN (60 CAP),Pharma
PONDS COLD CREAM 30GM,Pharma
(CLOSED) DERMI COOL POWDER LAVENDER 150GM,Pharma
DOVE SHAMPOO POUCH,Pharma
KEO KARPIN HAIR OIL (50ML),Pharma
STUGERON PLUS (10 TAB),Pharma
OLKEM TRIO 40 (10 TAB),Pharma
ACCUSURE SIMPLE GLUCOSE METER TD 4183,Pharma
PIGEON PP BOTTLE 12+ MONTH 240ML,Pharma
SKINLITE CREAM (15GM),Pharma
M.POKO EXTRA S7,Pharma
AZEE 1000MG (1 TAB),Pharma
PROTINEX TASTY CHOCO/ POWDER 250GM,Pharma
MOTHER CARE BABY TOP TO TOE WASH 300ML,Pharma
ELOCON CREAM (10GM),Pharma
PHYSIOGEL BODY LOTION (100ML),Pharma
CLINIC PLUS HAIR OIL (200ML),Pharma
C-QUAD TABS 30NOS,Pharma
MINIPRESS XL 5MG (30 TAB),Pharma
PEPSODENT TOOTHPASTE (200GM),Pharma
MONDESLOR (10 TAB),Pharma
BOURNVITA 200 GM JAR,Pharma
DR. ORTHO OIL (60ML),Pharma
ATARAX DROPS (15ML),Pharma
GLUCONORM G 4 (15 TAB),Pharma
LACTIFIBER SYRUP (180ML),Pharma
VILACT M 500 (10 TAB),Pharma
MORTEIN COIL 12HRS,Pharma
HIMALAYA ARJUNA (60 TAB),Pharma
HIMALAYA ABANA (60 TAB),Pharma
HIMALAYA CYSTONE (60 TAB),Pharma
(CLOSED) ENVY DARK DEO (120ML),Pharma
TYNOR ANKLE BINDER -XL,Pharma
AIR WICK ROSE AIR FRESHENER SPRAY 245.ML,Pharma
ROSEDAY EZ 20 (10 TAB),Pharma
ROZAT 5MG (15 TAB),Pharma
ACNESTAR F/W (50GM),Pharma
INDULEKHA SHAMPOO  POUCH 7.5 ML,Pharma
TENOLOL 25MG (14 TAB),Pharma
PAMPER PANTS XXL16,Pharma
TYNOR HEEL CUSHION L SIZE,Pharma
DERMI COOL POWDER (150 GM),Pharma
BETADINE OINT 5% (25GM),Pharma
PAMPER PANTS XL17,Pharma
TRIMACSART (10 TAB),Pharma
BOROPLUS SOFT CREAM RS10,Pharma
NIVEA MEN CHARCOAL F/W 50GM,Pharma
TOPFENAC OIL 50 ML,Pharma
ZANDIK (10 TAB),Pharma
CERELAC NO 10 WHEAT RICE MIXED VEG,Pharma
CRESTOR 40MG  (10 TAB),Pharma
MAZETOL 200MG (10 TAB),Pharma
ZYRIK 100MG (10 TAB),Pharma
HIMALAYA SHATAVARI (60 TAB),Pharma
AF 150MG (1 TAB),Pharma
CREVAST 20 MG,Pharma
ACE PROXYVON TH 4 (10 TAB),Pharma
HISTAFREE M (10 TAB),Pharma
MACBRITE   D3  CAPS,Pharma
NIOCLEAN AD GEL (15GM),Pharma
CALZIMUM P SYP,Pharma
HIMALAYA PLATENZA (20 TAB),Pharma
ASOMEX AT (15 TAB),Pharma
ENVAS 2.5MG (15 TAB),Pharma
RING GUARD (20GM),Pharma
CEFTUM 500MG (4 TAB),Pharma
B LONG  (30 TAB),Pharma
PROTERA L (10 CAP),Pharma
SKINSHINE SOAP (75GM),Pharma
ZERODOL CR (10 TAB),Pharma
CRESAR 20MG (15TAB),Pharma
LYCOGOLD  CAPS,Pharma
ACCU CHECK ACTIVE STRIPS (2*50N),Pharma
LNBLOC 10MG (15 TAB),Pharma
LNBLOC 5MG (15 TAB),Pharma
EXPHENICOL EYE OINT ( 10 CAP),Pharma
EVERYUTH GOLDEN GLOW PEEL OFF SACHET,Pharma
ZYRCOLD (10 TAB),Pharma
DABUR PUDIN HARA ACTIVE (10ML),Pharma
TYNOR POSTURE CORRECTOR M,Pharma
DABUR TRIPHALA 60 TAB,Pharma
CANDID CL SUPPOSITORIES (3 TAB),Pharma
AMINOFIT FORTE SACHET (4.5GM),Pharma
PROLOMET XL 50 (15 TAB),Pharma
DABUR BADAM ROGHAN OIL (100ML),Pharma
(CLOSED) ENVY NOIR DEO (120ML),Pharma
STIM FLOSS,Pharma
BOURNVITA 500G JAR,Pharma
KESH KING OIL 100ML New,Pharma
SUNOVA EASYLIFE (60 CAP),Pharma
NOVAMOX 250MG (15 CAP),Pharma
(CLOSED) CROCIN SUSP DS 100ml,Pharma
ROOP MANTRA CREAM,Pharma
ALLERGIN (10 TAB),Pharma
WHISPER BINDAZ NIGHTS PERIOD PANTY + 6,Pharma
MINTOP FORTE SOLUTION 5% (60ML),Pharma
VELOZ D (10 CAP),Pharma
LYCOFIT S/F SYP 200 ML,Pharma
PREGABID NT 50 (10 TAB),Pharma
NUCOXIA MR 8 (10 TAB),Pharma
MAXMOIST E/D (10ML),Pharma
BAIDYANATH CHANDRAPRABHA BATI (80TAB),Pharma
ZANDU KHADIRADI GUTIKA (70 TAB),Pharma
HANSAPLAST CREPE BANDAGE 6CM,Pharma
APIDRA INJECTION 100IU/ML (10ML),Pharma
FEZORB (10 TAB),Pharma
(CLOSED) NIVEA NATURAL GLOW ROLL ON,Pharma
TRAJENTA DUO 2.5/500MG (10 TAB),Pharma
WHISPER CHOICE REGULAR 20 NOS,Pharma
HANSAPLAST REGULAR BAND AID,Pharma
GLYCODIN SYP (100ML),Pharma
HIMALAYA REOSTO (30 TAB),Pharma
BAIDYANATH HARIDRA KHAND (50GM),Pharma
MAHA MANJISHTHADI GHANVATI,Pharma
LYSOFLAM (10 TAB),Pharma
NIVEA ROLL ON (25ML),Pharma
NICARDIA XL 60 (15 TAB),Pharma
TELMA 80MG (15 TAB),Pharma
MOSI E/D (5ML),Pharma
ERITEL CH 80 (15 TAB),Pharma
NEBISTAR 2.5MG (15 TAB),Pharma
PANTOCID L (10 CAP),Pharma
PATANJALI ANTI WRINKLE CREAM 50 GM,Pharma
MOXIGRAM EYE OINT 5GM,Pharma
SAFFOLA GOLD REFINED OIL 1LTR,Pharma
NESCAFE CLASSIC COFFEE 45GM,Pharma
MOXIFORD D E/D (5ML),Pharma
OLCAN E/D (5ML),Pharma
MOXI D E/D (10ML),Pharma
OLOX OZ  (10TAB),Pharma
AMARYL M 1 FORTE (15 TAB),Pharma
EIDO FE FORTE (10 CAP),Pharma
CAL 123 (15 TAB),Pharma
HEMPUSHPA SYRUP (450ML),Pharma
ENO SISHI 100 GM,Pharma
(CLOSED) CORONATION EXAMINATION GLOVES M,Pharma
THROMBOTAS OINT (20GM),Pharma
VALERA M 500 (15 TAB),Pharma
FIGARO OLIVE OIL (500ML),Pharma
SPORIDEX AF 750MG (10 TAB),Pharma
CYRA 20MG (10 TAB),Pharma
JOHNSONS BABY POWDER (200GM),Pharma
SPORIDEX AF 375MG (10 TAB),Pharma
JUSTOZA M 5/500 (10 TAB),Pharma
SITACIP M 50/500 (10 TAB),Pharma
TAZLOC 20MG (10 TAB),Pharma
NOCOLD 10 TABS,Pharma
BAIDYANATH KABJA HAR (100GM),Pharma
DOVE CONDITIONER (175 ML),Pharma
MILFLOX EYE DROPS 5 ML X 1,Pharma
MOXISURGE E/D 5 ML,Pharma
SF SECURE XL WINGS 6NS,Pharma
PONDS PURE DETOX F/W 100GM,Pharma
ULPRIDE 25MG (10 TAB),Pharma
TULIPS BABY WET WIPES,Pharma
DYTOR 5MG (15 TAB),Pharma
ZIGLIM PLUS 2 (10 TAB),Pharma
(CLOSED) DOVE DRYNESS CARE SHAMPOO 340ML,Pharma
BOROLINE SUTHOL LIQUID (100ML),Pharma
MEVA C (15 CAP) NRX,Pharma
PATANJALI KESH KANTI REETHA SHAMPOO 180ML,Pharma
AMARYL MV 1 (15 TAB),Pharma
DETTOL ANTISEPTIC LIQUID 550ML,Pharma
CLEAN & CLEAR PIMPLE CLEARING F/W 80 GM,Pharma
ATOGLA BABY LOTION 200ml,Pharma
D GAIN 60K (10 CAP),Pharma
GODREJ CREME N.BLACK NO 1,Pharma
OVRAL L (21 TAB),Pharma
TELMIKIND TRIO 6.25 (10 TAB),Pharma
NERVIGARD XL (10 CAP),Pharma
DROTIN DS SYP 60 ML,Pharma
DABUR MAHANARAYAN TAIL (50ML),Pharma
(CLOSED) MINTOP 10% 60 ML,Pharma
BROZEET LS DROPS (15ML),Pharma
ZEPTOL CR 300 (10 TAB),Pharma
NASELIN INHALER 0.5ML,Pharma
MOSI EYE OINT 5GM,Pharma
HIMALAYA NEEM (60 TAB),Pharma
GLYCOMET TRIO 1 (10 TAB),Pharma
FERONIA XT SUSPENSION (150ML),Pharma
M EARTH TEA TREE F/W 100ml,Pharma
GLIZID MR 30 (10 TAB),Pharma
COLGATE STRONG TEETH TOOTHPASTE (36GM),Pharma
MOISTUREX SOFT LOTION,Pharma
MOMATE XL CREAM (40GM),Pharma
D VENIZ 50 (10 TAB),Pharma
KOJIVIT GEL (15GM),Pharma
WIKORYL 10MG (10 TAB),Pharma
DABUR RESTORA GOLD 450ML,Pharma
AZMARDA 50MG (14 TAB),Pharma
GLUCRETA 10MG (10 TAB),Pharma
MOXICON E/D 5 ML,Pharma
STREAX HAIR COLOR N0 3,Pharma
OMNACORTIL 10MG (10 TAB),Pharma
FLUCOLD (10 TAB),Pharma
JOHNSONS BABY OIL (100ML),Pharma
SESA OIL (100ML),Pharma
DINOGEST 2MG (10 TAB),Pharma
HIMALAYA NATURAL SHINE HENNA (50GM),Pharma
NOVELON 0.15MG/0.03MG (21TAB),Pharma
COMFORTZ EYE WIPES 10 NOS,Pharma
FLUTIVATE SKIN OINT (20GM),Pharma
DABUR HONEY SQUEEZY (225GM),Pharma
MOBISWIFT D (10 TAB),Pharma
TELPRES CT 40/12.5 (15 TAB),Pharma
SLOANS LINIMENT OIL (71ML),Pharma
MEDROL 8MG (14 TAB),Pharma
DERMACO 1% HYALURONIC TINTED S/S GEL SPF 60 (50GM),Pharma
KOJIGLO GOLD CREAM 20GM,Pharma
ESOFAG 40MG (10 TAB),Pharma
LOREAL OIL NOURISH  SHAMPOO POUCH,Pharma
FLODART PLUS (10 CAP),Pharma
LISTERINE TOTAL CARE M/W (250ML),Pharma
CORONATION HOT WATER BOTTLE DELUX STANDARD,Pharma
PARACHUTE ONION HAIR OIL (180ML),Pharma
SENSODENT K TOOTHPASTE (120GM),Pharma
EVERYUTH NATURAL GLOW PEEL OFF 50GM,Pharma
LIPITAS 20MG,Pharma
RASALECT 0.5MG (10 TAB),Pharma
VOVERAN MAX GEL (30GM),Pharma
REEQUIL MOISTURISER (100GM),Pharma
DERMACO ULTRA MATTE S/S GEL SPF60 (50GM),Pharma
GILLETTE REGULAR SHAVING CREAM 70GM,Pharma
MYOTAN   CN  40/10  TAB,Pharma
PAMPER PANTS NB8,Pharma
ROZUCOR ASP-20 (10 CAP),Pharma
SYSRON-N (10 TAB),Pharma
KITMOX E/D (5ML),Pharma
(CLOSED)SF DRY MAX ULTRA DRY 16 NOS,Pharma
UPRISE D3 1K (10 CAP),Pharma
DABUR SAT ISABGOL (90GM),Pharma
DR ORG VAPORIZER,Pharma
VEGAZ OD TAB,Pharma
BLISTO 2 MF (10 TAB),Pharma
ATEN 25MG (14 TAB),Pharma
KETOCONAZOLE 2% SHAMPOO 100ML,Pharma
NIVEA MEN DEEP IMPACT F/W 50GM,Pharma
JOHNSONS BABY POWDER BLOSSOMS (50GM),Pharma
GODREJ CREME N.BROWN NO 4,Pharma
FESTIVE D E/D (10ML),Pharma
MOSI D E/D (10ML),Pharma
NEOSPORIN H EAR DROPS (5ML),Pharma
MONOCEF O 200MG (10 TAB),Pharma
FOL D (10 CAP),Pharma
FAA 20 (15 TAB),Pharma
(CLOSED) GLUCO ONE METER (MOREPEN) (25,Pharma
GLUCO ONE BG-03 GLUCOSE STRIP (25N),Pharma
(CLOSED) NIVEA DEO,Pharma
LEVORID D TAB,Pharma
CEFRAX 200MG (10 TAB),Pharma
FEBREX PLUS (15 TAB),Pharma
(CLOSED) COLGATE TOOTHPASTE 80gm Strawberry,Pharma
MOTHER CARE BABY POWDER 125GM,Pharma
EKRAN AQUA GEL SPF30 (50GM),Pharma
NIKORAN 10MG (20 TAB),Pharma
OLMIN 40 CH (10 TAB),Pharma
GLOW & HANDSOME CREAM 25GM,Pharma
NIVEA SHOWER GEL PURE IMPACT 250ML,Pharma
DALACIN C 300MG (10 CAP),Pharma
GLIZID M XR 60 (10 TAB),Pharma
KAYAM CHURNA (50GM),Pharma
HOLYMOX  E/D  5ML,Pharma
M EARTH CHARCOAL F/W 100ml,Pharma
DIANORM OD 30 (10 TAB),Pharma
CARBOPHAGE XR 500MG (10 TAB),Pharma
ZYDIP LOTION (50ML),Pharma
DRONIS 30 (21 TAB),Pharma
DABUR CHYAWANPRASH 250 GM,Pharma
TRIGLIMPER 2/15 (15 TAB),Pharma
ONABET CREAM (30GM),Pharma
SIMILAC PLUS 1 STAGE 400GM,Pharma
ARPIZOL 2MG (10 TAB),Pharma
EBAST DC (10 TAB),Pharma
FINPECIA (15 TAB),Pharma
SUGAR FREE NATURA 25.5 G,Pharma
NEBILONG  AM (15 TAB),Pharma
AZEE DRY SYRUP 100MG (15ML),Pharma
ONTEARS GEL E/D (15ML),Pharma
PATADAY E/D (2.5ML),Pharma
BRINOLAR E/D (5ML),Pharma
PROHANCE MOM CHOCOLATE 400G,Pharma
NAN PRO NO. 1 400GM (TIN),Pharma
VICCO PASTE 100 GM,Pharma
VINICOR XL 25 (10 TAB),Pharma
HIMALAYA BABY MASSAGE OIL (100ML),Pharma
LYSER DP (10 TAB),Pharma
(CLOSED) AMLONG MT 25 MG (7 TAB),Pharma
ARBITEL 20,Pharma
NEPAFLAM EYE DROP 5 ML,Pharma
FESTIVE E/D (10ML),Pharma
CLEARGEL GEL (20GM),Pharma
FOURDERM CREAM (10GM),Pharma
ENSURE CHOCOLATE (200GM),Pharma
VCX FACE SERUM 10ML,Pharma
CETAPHIL GENTLE SKIN CLEANSER 500ML,Pharma
NEXPRO L CAP,Pharma
APRIGLIM MF 2MG (15 TAB),Pharma
ISTAVEL 100MG (7 TAB),Pharma
OLD SPICE SHAVING CREAM 70 GM,Pharma
MOTHER CARE BABY SHAMPOO 300ML,Pharma
HIMALAYA GENTLE BABY SHAMPOO (200ML),Pharma
WOODWARDS GRIPE WATER (200ML),Pharma
PAMPER PANTS L42,Pharma
CYNOCAL M FORTE CAP,Pharma
VOZET M (10 TAB),Pharma
CENTRUM KIDS 50 GUMMIES,Pharma
TOPISAL 6% OINT (30GM),Pharma
JANUVIA 100MG (7 TAB),Pharma
PARK AVENUE HARMONY 50ML,Pharma
RABICIP L (10 CAP),Pharma
GIBTULIO-25MG (10 TAB),Pharma
CLINIC PLUS SHAMPOO 80ML,Pharma
JOHNSONS BABY SOAP 150 GM,Pharma
LUX SOAP 10RS,Pharma
ODONIL BLOCKS,Pharma
MAHAFLOX EYE OINTMENT (5GM),Pharma
ALFUSIN 10MG (15 TAB),Pharma
CARCA 3.125MG (15 TAB),Pharma
ISRYL M 2 (15 TAB),Pharma
HIMALAYA MEN INT OIL CLR F/W (100ML),Pharma
METOLAR -XR 100 (10 CAP),Pharma
ADGAIN PLUS (10 CAP),Pharma
UVEDGE SUNSCREEN LOTION SPF50 (50ML),Pharma
DAROLAC (10 CAP),Pharma
BRISTAA INTENSE CREAM 20GM,Pharma
FENOLIP 145 (10 TAB),Pharma
ROSEDAY-F 10 (10 TAB),Pharma
TAXIM-O FORTE DRY SYRUP (60ML),Pharma
AMBROLITE S COUGH SYRUP (100ML),Pharma
NEOSPORIN OINT (10GM),Pharma
ZYTEE LOTION 10 ML,Pharma
KEPPRA 500MG (10 TAB),Pharma
8X SHAMPOO (100ML/120ML),Pharma
MECOFOL (10 TAB),Pharma
VICKS VAPORUB XTRA STRONG (10ML),Pharma
CERUVIN A (15 CAP),Pharma
CEPODEM O 200MG (10 TAB),Pharma
ZEDOTT 100MG (10 CAP),Pharma
GOLDCERIN GM (10 TAB),Pharma
K GLIM M1 (15 TAB),Pharma
K GLIM M2 (15 TAB),Pharma
BEST BETA AM 50MG (10 TAB),Pharma
TERBINAFORCE PLUS NF CREAM (15GM),Pharma
REPACE H (10 TAB),Pharma
AZULIX 4 MF FORTE (10 TAB),Pharma
SHELCAL HD 12 (15 TAB),Pharma
HEALSENZ OINT 30GM,Pharma
CALCIROL SOFTGELS (8CAP),Pharma
SET WET GLAZE WAX 60 GM,Pharma
GARNIER MEN OIL CLEAR F/W 50 GM,Pharma
GLOW&LOVELY MULTI VIT CREAM 25GM,Pharma
FUDIC BNF CREAM (20GM),Pharma
AZIDERM CREAM 10% (15GM),Pharma
PEESAFE REUSABLE MENSTRUAL CUP L,Pharma
SRIDERM 15 GM,Pharma
BIO OIL (60ML),Pharma
ZIFI READYMIX SYRUP 100MG (30ML),Pharma
SHARBAT BELGIRI 500ML,Pharma
ENCELIN M 50/500 (10 TAB),Pharma
DABUR GULABARI ROSE WATER (30ML),Pharma
HIMALAYA AMALAKI (60 TAB),Pharma
MYLAMIN GOLD (15 CAP),Pharma
MOOV STRONG GEL,Pharma
M.POKO STD M8,Pharma
UVEDGE SUNSCREEN LOTION SPF30 100ML,Pharma
TAZLOC TRIO 40 (10 TAB),Pharma
CEFTAS 200MG (10 TAB),Pharma
ZENFLOX OZ (10 TAB),Pharma
ZIFI LBX NEO (10 TAB),Pharma
LANCETS,Pharma
KASMADHU SYRUP 100ML,Pharma
MULTANI PACHMEENA CANDY,Pharma
GILLETTE GUARD 3 BLADE (1NOS),Pharma
TORVOX 5MG (15 TAB),Pharma
FORCAN 150 TABS,Pharma
AMLOZ 5MG (30 TAB),Pharma
INZIT 8MG (10 TAB),Pharma
DYTOR 100MG (10 TAB),Pharma
MAXIZORB (10 TAB),Pharma
DAPABITE M 10/500 (10 TAB),Pharma
(CLOSED) ENVY BOLD PERFUME,Pharma
MOTHER CARE BABY LOTION 300ML,Pharma
CREMA DIET PLUS POWDER (100GM),Pharma
LULIFIN CREAM (30GM),Pharma
EPILEX CHRONO 300 (15 TAB),Pharma
M EARTH ONION HAIR OIL 250ML,Pharma
ZOCON 200MG (2 TAB),Pharma
PONDS LIGHT MOISTURISER CREAM 98 GM,Pharma
VITCOFOL DROPS (15ML),Pharma
GLIMPER M1 FORTE (15 TAB),Pharma
TUGAIN EVA SOLUTION 5% (60ML),Pharma
REFLEX ACE (14 CAP),Pharma
SESA OIL (200ML),Pharma
DOLOMED (10 TAB),Pharma
MEDLER SYRUP (60ML),Pharma
MULTIPREX SYRUP (200ML),Pharma
SHELCAL SYRUP (200ML),Pharma
RIZACT 10MG (4 TAB),Pharma
DETTOL WET WIPES 80 NOS,Pharma
MOKCAN CV 625 TAB 10 NOS,Pharma
LOCULA 10% E/D (5ML),Pharma
DABUR SAT ISABGOL SACHET 5GM,Pharma
CLOPIVAS 75MG (15 TAB),Pharma
NIFTAS 50MG (10 TAB),Pharma
SOLIFINE 5MG,Pharma
DUREX EXTRA THIN STRAWBERRY 3NOS,Pharma
OZEWID CREAM 1% 5 GM,Pharma
TELISTA MT 50 (15 TAB),Pharma
(CLOSED)DENVER POCKET PERFUME CALIBER,Pharma
NICE SAT ISABGOL 50 GM,Pharma
HHFUDIC CREAM (10GM),Pharma
URIBID (15 TAB),Pharma
LOREAL TOTAL REPAIR 5 CONDITIONER (180ML),Pharma
INDULEKHA OIL (100ML),Pharma
(CLOSED) SUNSILK THICK AND LONG SHAMPOO  180 ML,Pharma
HIMALAYA APRICORT SCRUB (100GM),Pharma
HIMALAYA NATURAL GLOW KESAR F/W (50ML),Pharma
LAKME ABSOLUTE SUNSCREEN (15GM),Pharma
PAMPER PANTS M23,Pharma
MEDI WRAP BELLADONNA PLASTER,Pharma
RIVELA LITE SUNSCREEN SPF50 (60GM),Pharma
DEPNSAID NANO GEL (30GM),Pharma
ALGIDUO SUSPENSION (150ML),Pharma
MISS CARE NAIL PAINT REMOVER,Pharma
BIO D3 FEM (15 CAP),Pharma
CLOBETAMIL G CREAM (30GM),Pharma
(CLOSED)DENVER NANO IMPERIAL DEO 50ML,Pharma
DESOSOFT LOTION 30ml,Pharma
TEGRITAL 200MG (10 TAB),Pharma
PIGEON PP BOTTLE 9+ MONTH 240ML,Pharma
THERMOSEAL FLOSS 50 METR,Pharma
PAMPER PANTS L10,Pharma
BAIDYANATH MAHABHRINGRAJ TEL (100ML),Pharma
NUBY NAIL CLIPPER 0+ MONTH,Pharma
EVA SWEET DEO,Pharma
REDOTREX 500MG (10 TAB),Pharma
DABUR GULABARI ROSE WATER (400ML),Pharma
MECONERV 500MCG (10 TAB),Pharma
ATORLIP 5MG (10 TAB),Pharma
STERILE GAUZE SWAB 5CM,Pharma
PANLIPASE UC (10 TAB),Pharma
ROXID-300MG (10 TAB),Pharma
TIMOLET EYE DROPS 0.5%,Pharma
PEESAFE TSS SPRAY MINT  75ML,Pharma
CIFRAN 500MG (10 TAB),Pharma
CYCLOPAM SYP. 30ML,Pharma
SIBELIUM 5MG (30 TAB),Pharma
TELPRES AM (15 TAB),Pharma
DOLOGEL CT GEL (10GM),Pharma
LOREAL 6 OIL NOURISH CONDITIONER 192.5ML,Pharma
CREMALAX 10MG (6 TAB),Pharma
(CLOSED)DENVER CALIBER DEO 165ML,Pharma
PATANJALI SWASARI PRAVAHI SYRUP (250ML),Pharma
CONTOUR PLUS GLUCO METER,Pharma
CONTOUR PLUS GLUCO STRIPS (2*25),Pharma
INDAMET G ROTACAP,Pharma
RABLET D 40 (10 CAP),Pharma
PAXIDEP CR 12.5MG (10 TAB),Pharma
VOAGE M 10/500 (10 TAB),Pharma
ROTAHALER CIPLA,Pharma
STREAX HAIR SERUM 45 ML,Pharma
CALAPTIN 120 SR (15 TAB),Pharma
CEFASYN 500MG  4NOS,Pharma
SOMPRAZ IT (10 CAP),Pharma
DETTOL ANTISEPTIC SKIN CREAM  30GM,Pharma
DABUR GULABARI FACE CLEANSER (100ML),Pharma
DEPLATT A 75 (10 TAB),Pharma
(Closed) DR ODIN DIGITAL THERMOMETER,Pharma
ENVY ARNOLD DEO (120ML),Pharma
ALIGHT PLUS GEL (15GM),Pharma
FLUCORT H CREAM (30GM),Pharma
CENTRUM OSTOCALCIUM TOTAL (30TAB),Pharma
ZANDU CHYAVANPRASH JAGGERY GUR 1KG,Pharma
ZYRCOLD SYP 100ML,Pharma
ZEDEX COUGH SYRUP SF (100ML),Pharma
INDULEKHA SHAMPOO  POUCH 5.5ML,Pharma
ACNE-UV GEL SPF50 (50GM),Pharma
LAKME SUN EXPERT SPF30 LOTION (50ML),Pharma
GLUCONORM G PLUS 1 (15 TAB),Pharma
T MINIC DROPS (15ML),Pharma
BILASHINE 40MG (10 TAB),Pharma
LATOPROST RT E/D (2.5ML),Pharma
METOLAR 25MG (15 TAB),Pharma
SITACIP 50MG (10 TAB),Pharma
MEDERMA STRETCH MARKS (25GM),Pharma
CREVAST F 10 (10 TAB),Pharma
ZITEN 20MG (15 TAB),Pharma
MAXMOIST ULTRA E/D (10ML),Pharma
OLEANZ 2.5MG (10 TAB),Pharma
(CLOSED) ENVY ABSOLUTE DEO (120ML),Pharma
DABUR LAUHASAVA (450ML),Pharma
MACFOLATE PLUS (10 CAP),Pharma
LISTERINE ORIGINAL M/W (250ML),Pharma
CLEAN & CLEAR BERRY F/W 100 ML,Pharma
SIMILAC 1 STAGE 400 GM,Pharma
IMMUNO VOLT ORANGE,Pharma
NEVLON LOTION 100 ML,Pharma
AMARYL MV 2 (15 TAB),Pharma
JARDIANCE 25MG (10 TAB),Pharma
DIGENE ORANGE GEL (450ML),Pharma
SIBELIUM 10MG (30 TAB),Pharma
LOTUS SPF50+ (60GM),Pharma
(Closed) DENVER NANO BLACKCODE DEO 50ML,Pharma
MUCINAC 600MG (10 TAB),Pharma
(Closed) DENVER NANO CALIBER DEO 50ML,Pharma
TIXYLIX COUGH SYRUP (60ML),Pharma
GABAPIN 300MG (15 CAP),Pharma
ECOFLAM MR (10 TAB),Pharma
GATSBY HAIR GEL ( 75GM ),Pharma
PANTOCID IT (10 CAP),Pharma
NAVRATNA OIL (90ML),Pharma
(CLOSED )NIVEA PEARL & BEAUTY PINK ROLL ON 25ML,Pharma
MINTOP FORTE SOLUTION 5% (120ML),Pharma
ESOMAC D 40 10TAB,Pharma
STERILE GAUZE SWAB 10CM,Pharma
HEAD& SOULDER SHAMPOO POUCH 2RS,Pharma
FEM HAIR REMOVAL CREAM SANDAL (60GM),Pharma
DUREX CON INTENSE 1*3,Pharma
FAIR&HANDSOME RADIANCE CREAM 30GM,Pharma
DABUR LAL DANT MANJAN (35GM),Pharma
WHISPER PANTY LINERS NORM 40NOS,Pharma
JOHNSONS MILK+RICE CREAM (100GM),Pharma
STATFIT A 20 (10 CAP),Pharma
DAPARITE 10MG (10 TAB),Pharma
FERIBID XT (10 TAB),Pharma
HIMALAYA OIL CLEAR F/W (50ML),Pharma
ZYTEE GEL (10ML),Pharma
GIBTULIO MET 12.5/1000 (10 TAB),Pharma
COCO SOUL VIRGIN COCONUT OIL 250ML,Pharma
MEFTALSPAS SUSPENSION (60ML),Pharma
ALKOF JUNIOR COUGH FORMULA,Pharma
GLYCO 12% CREAM (30GM),Pharma
HICOPE 10MG (15 TAB),Pharma
KENZ SOAP 75 GM,Pharma
TRESEMME HAIR FALL DEFENCE CONDITIONER 80 Ml,Pharma
DENVER NANO DEO (50ML),Pharma
GEMCAL XT (15 TAB),Pharma
NAVRATNA MINT FRESH POWDER 50GM,Pharma
LULICAN CREAM (20GM),Pharma
GRAIN P (10 TAB),Pharma
DARTMET G2 FORTE (15 TAB),Pharma
PROTINEX VANILLA 400 GM,Pharma
VOLIX R 0.2/1 (10 TAB),Pharma
OZEPAM 0.25MG (10 TAB) NRX,Pharma
TACVIDO FORTE ORAL GEL (25ML),Pharma
GLUXIT 10MG (10 TAB),Pharma
TRAFOLIC (10 TAB),Pharma
PREGABID 50MG (10 CAP),Pharma
AZORAN 50 MG (20 TAB),Pharma
(CLOSEd) ENVY SPEED DEO (120ML),Pharma
KITMOX LD E/D (5ML),Pharma
TEARDROPS E/D (10ML),Pharma
PEPCIA 20MG (10 TAB),Pharma
A RET GEL 0.01% (20GM),Pharma
ROSYCAP- ASP 10/75 (15 CAP),Pharma
ROXID - M (10 TAB),Pharma
LISTERINE FRESHBURST M/W (250ML),Pharma
LACTIFIBER POWDER (180GM),Pharma
ORS PROLYTE MIXED FRUIT (200ML),Pharma
ANTOXID (30 CAP),Pharma
ZANDU NITYAM CHURNA (100GM),Pharma
(CLOSED) NIVEA PEARL AND BEAUTY WHITE ROLL ON 25ML,Pharma
REKOOL D (15 CAP),Pharma
DABUR SARSON AMLA HAIR OIL (175ML),Pharma
CARIFORD TAB,Pharma
SOFTDROPS PM EYE GEL (5GM),Pharma
FLAGYL 400MG (15 TAB),Pharma
OROFER   XT   DROPS  15ML,Pharma
TRIOLMIGHTY 20MG (10 TAB),Pharma
HBCOM SACHET (2GM),Pharma
PANTOCID HP (6 TAB),Pharma
GERIPOD D (10 CAP),Pharma
CARDACE 1.25MG (15 TAB),Pharma
PRAMIROL SR 0.26 (10 TAB),Pharma
MOM PLUS SUSPENSION (170ML) SF,Pharma
HAEM UP CAPS  100NOS,Pharma
SYSRON NCR (10 TAB),Pharma
WEAK IODINE SOL 15 ML,Pharma
MERBROMIN SOL NF 20 ML,Pharma
THYROACTIV-100MG,Pharma
RING CUTTER  POWDER 100 GM,Pharma
WARF 1MG (30 TAB),Pharma
PYOGIN KF GEL,Pharma
ETODY 90 MG TAB 10 NOS,Pharma
OXCARB 600 TABS,Pharma
FURR DISP BODY SHAVING RAZOR,Pharma
ISOTROIN 10MG (15 CAP),Pharma
DIANE 35 (21 TAB),Pharma
TELSAR H (15 TAB),Pharma
M EARTH MOSQUITO REPELLENT PATCHES (24 PATCHES),Pharma
DAPANORM 5MG (10 TAB),Pharma
LUMIA 60K (8 CAP),Pharma
NICARDIA XL 30 (15 TAB),Pharma
WHITE TONE FACE CREAM ( 15GM ),Pharma
STREAX PROFESSIONAL HAIR SERUM 45ML,Pharma
TRESEMME HAIR FALL DEFENCE SHAMPOO (185ML),Pharma
TRESEMME KERATIN CONDITIONER 190ml,Pharma
FORACORT 200 SYNCHROBREATHE,Pharma
CLOPIVAS AP 75 (15 TAB),Pharma
ZIVAST 20MG (10 TAB),Pharma
GEMER DS 1 (10 TAB),Pharma
VISSCO ACTIVE COOL EYES GEL,Pharma
NOMARKS AYURVEDIC CREAM (25GM),Pharma
ODONIL CITRUS FRESH SPRAY,Pharma
ODONIL FLORAL BLISS SPRAY,Pharma
RAMISTAR M XL 25 (10 TAB),Pharma
DROTIN DS (15 TAB),Pharma
ITRATUF 100MG (15 CAP),Pharma
WIKORYL 325 DT (10 TAB),Pharma
CERELAC NO.18 5GRAINS&VEGETABLES,Pharma
DUTAS T (15 TAB),Pharma
PONDS POWDER DREAMFLOWER 200GM,Pharma
HIMALAYA SHALLAKI (60 TAB),Pharma
DIAMICRON XR 60MG (15 TABS),Pharma
HIGH PRO VANILLA 250GM,Pharma
RAMIPRES 1.25MG (10 TAB),Pharma
MUCOMELT XP SYP 100 ML,Pharma
NORTRYPTOMER P (10 TAB),Pharma
CAL4U TAB,Pharma
LIGNOCAD GEL 30GM,Pharma
LEVIZ SYP 30 ML,Pharma
EMOFORM R TOOTHPASTE (100GM),Pharma
NICE ALOE VERA GEL 120 ML,Pharma
DEBISTAL-GM,Pharma
(CLOSED) DOVE HAIR FALL RESCUE SHAMPOO (180ML),Pharma
JOINTACE C2 (10 Tab),Pharma
ETOGESIC MR (10 TAB),Pharma
MARTIFUR 100MG (14 TAB),Pharma
SPINFREE (15 TAB),Pharma
DABUR SHILAJIT GOLD (20 CAP),Pharma
FUNGICROS CREAM (30GM),Pharma
TERADOX E/D (10ML),Pharma
NTG ULTRA SHEER SUN SPF+50 80ML,Pharma
TELWAKE AM (15 TAB),Pharma
PROTINEX ORIGINAL 250 GM JAR HEART,Pharma
SANOSAN BABY CARE LOTION 500ML,Pharma
MECGLA (10 CAP),Pharma
PEARS SOAP 60GM,Pharma
CHICCO PASTE 6+YEARS,Pharma
ACIVIR CREAM (10GM),Pharma
REMYLIN D (15 TAB),Pharma
ELCEPHASE 500 SR (10 TAB),Pharma
CHICCO FEED BOTTLE GLASS 240ML,Pharma
AF 200MG (1 TAB),Pharma
LULIFIN CREAM (10GM),Pharma
(CLOSED) OLMAT AM 40 (10 TAB),Pharma
NICE MAGNESIUM SULPHATE (300GM),Pharma
GLIMER 2MG (15 TAB),Pharma
SARIDON ADVANCE  TAB,Pharma
GARNIER MEN TURBO BRIGHT MOIST 40GM,Pharma
DA ZEAGRA TAB,Pharma
OLMIN 10MG (10 TAB),Pharma
LOOZ SOLUTION (500ML),Pharma
NODOSIS 500MG (15 TAB),Pharma
ULTIDERM LOTION (50ML),Pharma
AMLOVAS 2.5MG (15 TAB),Pharma
TYNOR ELBOW SUPPORT (L),Pharma
NICARDIA RETARD 10 (15 TAB),Pharma
ORS PROLYTE PINEAPPLE 200ML,Pharma
( CLOSED) NIVEA FRESH ACTIVE ROLL ON 50ML,Pharma
GARNIER COLOR NO. 3.16,Pharma
PIGEON NIPPLE 6+ MONTH (Y),Pharma
MUCOPAIN OINT (15GM),Pharma
EBAST M (10 TAB),Pharma
TELMIKIND 20MG (10 TAB),Pharma
CHICCO BABY SHAMPOO NO TEARS 200ML,Pharma
NOVEGROW SOLUTION 5% (60ML),Pharma
HOPACE 5MG (30 TAB),Pharma
GABAPIN NT 100 (15 TAB),Pharma
GABAPIN NT 200 (15 TAB),Pharma
MULTIVITE FM OMEGA (30 CAP),Pharma
DIGERAFT PLUS SUSPENSION (150ML),Pharma
TYNOR POSTURE CORRECTOR L,Pharma
AZMARDA 100MG (14 TAB),Pharma
WELTIVE- Q10 (10 CAP),Pharma
FEBUTAX 80MG (10 TAB),Pharma
VOGIPIL 0.3,Pharma
TRIGLYNASE 1MG (10 TAB),Pharma
TRIGLUCORED FORTE 15,Pharma
GLUCORED FORTE (10 TAB),Pharma
DIAVIT PLUS (10 CAP),Pharma
VOGLIMAC GM 2 (10 TAB),Pharma
(CLOSED)SF DRYMAX ULTRA DRY XL 7NOS,Pharma
AMLONG TL 40MG (10 TAB),Pharma
ORVAS FT (10 TAB),Pharma
SURF EXCEL POWDER 1 KG,Pharma
SURF EXCEL BAR 250 GM,Pharma
GLYCOHALE FB ROTACAPS,Pharma
HIMALAYA FACE SCRUB (50GM),Pharma
HIMALAYA ALOE VERA F/W (50ML),Pharma
GLUCOSE D JAR 1KG,Pharma
HANSAPLAST CREPE BANDAGE 8CM,Pharma
GLUCOSE D 450 GM,Pharma
STOLIN R TOOTHPASTE (100GM),Pharma
GATSBY WATER GLOSS HAIR GEL SOFT 150gm,Pharma
MEFTAL P SUSPENSION (60ML),Pharma
FEDAY (10 TAB),Pharma
DUPHALAC SYRUP (150ML),Pharma
NAVRATNA OIL (180ML),Pharma
BYSIPIN E/D (5ML),Pharma
BON 4U MAX (10 CAP),Pharma
MEDTECH STEAMER INHALER,Pharma
PAMPER PANTS S1,Pharma
HIMALAYA LASUNA (60 TAB),Pharma
RAJVAIDYA RASAYAN VATI (30 TAB),Pharma
TYNOR TT/ABDOMINAL BELT XL,Pharma
UPRISE D3  SYRUP  30ML,Pharma
LEVOQUIN 500MG (5 TAB),Pharma
RANTAC 300 MG (30 TAB),Pharma
HIP HOP MAKEUP REMOVER WIPES 30 NOS,Pharma
VOMISTOP  DT  10MG,Pharma
ENO SACHET MRP 9 (5GM),Pharma
GLOW & HANDSOME F/W 50GM,Pharma
LARIAGO DS (5 TAB),Pharma
WHITE TONE FACE POWDER ( 30GM ),Pharma
OLESOFT MAX LOTTION 200 ML,Pharma
CETAPHIL BRIGHT HEALTHY RADIANCE NIGHT CREAM 50GM,Pharma
VERIFICA DM (10 TAB),Pharma
TELMA MCT 25/6.25 (10 TAB),Pharma
TRIOBIMET  2MG (10 TAB),Pharma
OMESEC RD (10 CAP),Pharma
LAKME ULTRAMATTE LOTION SPF24 (50ML),Pharma
STARPRESS AM XL 25 (10 TAB),Pharma
CETAPHIL BABY GENTLE WASH& SHAMPOO 230ML,Pharma
ADVENT FORTE SYRUP 457MG (30ML),Pharma
THREPTIN DISKETTES (500GM),Pharma
VOGLITOR MD 0.2 (10 TAB),Pharma
DAPAVEL 10MG (10 TAB),Pharma
KETOFLY SOAP (75GM),Pharma
FORACORT RESPULES (1MG),Pharma
STREAX HAIR COLOR NO 5,Pharma
GODREJ SHAMPOO N.BROWN NO 4,Pharma
DOVE SHAMPOO+CONDTNR POUCH 6ML,Pharma
TELISTA AM (15 TAB),Pharma
SELSUN DAILY SHAMPOO (120ML),Pharma
FOL 3 (10 TABS),Pharma
OXETOL 300MG (10 TAB),Pharma
NOVAMOX 500MG (15 CAP),Pharma
BETADINE FIRST AID SOL 4% (50ML),Pharma
ZANDU FAST RELIEF GEL 23 & 30ML,Pharma
CHICCO BABY BODY LOTION 100ML,Pharma
COVANCE 25MG (10 TAB),Pharma
PARAXIN 500MG (10 TAB),Pharma
PONDS BB+ CREAM 9GM,Pharma
OLIADE MASSAGE OIL (100ML),Pharma
RAMIPRES 2.5MG (10 TAB),Pharma
PAMPER PANTS M1,Pharma
BONNE FEEDER TAKE CARE,Pharma
HIMALAYA BLACKHEAD WALNUT SCRUB (100GM),Pharma
EVERYUTH NAT WALNUT APRICOT SCRUB 100GM,Pharma
ZYTANIX 2.5MG (15 TAB),Pharma
TOPISAL 6% LOTION (30ML),Pharma
JOHNSONS MILK+RICE LOTION (200ML),Pharma
NEOPRESS AM (10 TAB),Pharma
DR. MOREPEN B.P MONITOR (BP-15),Pharma
AB PHYLLINE (10 CAP),Pharma
ZOSTUM O (10 CAP),Pharma
DEFCORT 18MG (6 TAB),Pharma
ARGIPREG SACHET (6.5MG),Pharma
SILODAL D 4 (10 CAP),Pharma
GARNIER MEN BRIGHTENING F/W 100GM,Pharma
HICOPE 25MG (15 TAB),Pharma
BETACAP 20MG (10 TAB),Pharma
OLMARK 40MG (15 TAB),Pharma
(CLOSED) NIVEA SHOWER GEL WATERLILY&OIL,Pharma
METOLAR 50MG (15 TAB),Pharma
ROZUCOR 10MG (10 TAB),Pharma
GLYCOMET GP 0.5 FORTE (10 TAB),Pharma
PATANJALI   KESH KRANTI SHAMPOO 200ML,Pharma
ROZUCOR GOLD 10 (10 TAB),Pharma
TELMAXX 50MG (10 TAB),Pharma
DECA DURABOLIN INJECTION 50MG (1ML),Pharma
NEUROBION FORTE RF INJECTION (2ML),Pharma
POLYBION LC SYRUP (150ML),Pharma
TONOFERON SYRUP (200ML),Pharma
GODREJ SHAMPOO N.BLACK NO 1,Pharma
(CLOSED)DENVER IMPERIAL HAMILTON BODY TALC 100gm,Pharma
TELBID 40MG (10 TAB),Pharma
OSTEOBLAST (10 CAP),Pharma
RAMIPRES H (10 TAB),Pharma
PIVASTA 2MG (10 TAB),Pharma
TELVAS 80MG (15 TAB),Pharma
SERLIFT 25MG (10 TAB),Pharma
AHAGLOW ADVANCE F/W ( 100GM ),Pharma
1% SALICYLIC ACID GEL F/W 100ML,Pharma
UDAPA M 10/500 XR (10 TAB),Pharma
DABUR RED TOOTHPASTE (100GM),Pharma
TENOLOL 50MG (14 TAB),Pharma
SEDER OM (10 TAB),Pharma
THERMOSEAL REPAIR TOOTHPASTE (100GM),Pharma
VEET HR CREAM WOMEN (30GM),Pharma
MDD XR 100 (15 TAB),Pharma
CARMESI MENSTRUAL CUP,Pharma
DAPANORM-M 10 (10 TAB),Pharma
VATIKA SHAMPOO 92rs,Pharma
FLOXIMOX E/D (5ML),Pharma
HIMALAYA NATURAL PROTEIN SHAMPOO (340ML),Pharma
ENFAMIL STAGE 1,Pharma
ROSUVA GOLD 20 (10 CAP),Pharma
TELBID H (15 TAB),Pharma
ZIVACORT AZ NASAL SPRAY,Pharma
METOSARTAN 25 (10 TAB),Pharma
HIMALAYA GENTLE BABY WASH (100ML),Pharma
CIPLOX 250MG (10 TAB),Pharma
FERONEPH LP TAB,Pharma
INTAGESIC ADVANCE SPRAY (55GM),Pharma
CLEAN & CLEAR BERRY F/W 150 ML,Pharma
ENZOMAC (15 TAB),Pharma
DUREX MASSAGE LUBE SENSUAL 200ML,Pharma
CORONATION EXAMINATION GLOVES MEDIUM,Pharma
INDITEL AM (15 TAB),Pharma
VIRTUE NAIL CUTTER,Pharma
BISOHEART 5MG (10 TAB),Pharma
EPILYNO LOTION (50GM),Pharma
LULICAN LOTION (30ML),Pharma
DESOWEN AF LOTION (50ML),Pharma
NEUROBION PLUS (10 TAB),Pharma
ENCORATE CHRONO 500 (10 TAB),Pharma
ZEMPRED 8MG (10 TAB),Pharma
M EARTH BABY POWDER 150GM,Pharma
ZENRID (10 TAB),Pharma
CALPSOR LOTION 15 ML,Pharma
(CLOSED) FORACORT 0.5MG RESPULES,Pharma
TORVOX 10MG (10 TAB),Pharma
ENDOGEST 200 (10 CAP),Pharma
PRANDIAL M 0.3 (10 TAB),Pharma
STATFIT  A 20/75 (10 CAP),Pharma
EPTUS 25MG (10 TAB),Pharma
TENRITE M (10 TAB),Pharma
ARVAST 20MG (10 TAB),Pharma
EMESET INJECTION 2MG (4ML),Pharma
MEZOLAM INJ 10ML,Pharma
PYROLATE INJ 1 ML,Pharma
BIOTIQUE  FACE SCRUB (100ML),Pharma
LAKME BLUSH & GLOW STRAWBERRY F/W 50GM,Pharma
EMILDAP M 10/500 (10 TAB),Pharma
GLIMY M 1 (10 TAB),Pharma
SURF EXCEL POWDER 75 GM,Pharma
PARK AVENUE SHAVING CREAM GM,Pharma
JILAZO INJ,Pharma
NIVEA SUN LOTION SPF 50 125ML,Pharma
URIKIND (10 TAB),Pharma
MONTECIP LC TAB,Pharma
COTTON 300 GM BIOCOTT,Pharma
OVACARE FORTE (12 TAB),Pharma
OZOVAS 10MG (30 TAB),Pharma
NIFTRAN 100MG (30 CAP),Pharma
OLMARK H 40 (15 TAB),Pharma
VALPARIN ALKALETS 200 (15 TAB),Pharma
M.POKO EXTRA M2,Pharma
SPORIDEX 500MG (10 CAP),Pharma
SENSODENT K TOOTHPASTE (60GM),Pharma
OVARES PLUS (10 CAP),Pharma
EUMOSONE CREAM (15GM),Pharma
T BACT CREAM (10GM),Pharma
HIMALAYA BABY MASSAGE OIL (50ML),Pharma
HIMALAYA GENTLE BABY WET WIPES 12N,Pharma
PAMPER PANTS NB2,Pharma
UDAPA 10MG (10 TAB),Pharma
ORG IND TULSI MULETHI TEA,Pharma
TYNOR ELBOW SUPPORT (XL),Pharma
GILLETTE VECTOR+ BLADE (2NOS),Pharma
CLOBENATE GM (20GM),Pharma
VYMADA 50MG (14 TAB),Pharma
KETSOL-D E/D,Pharma
HIMALAYA TAGARA ( 60 TAB ),Pharma
FUNGICROS LOTION (30ML),Pharma
HIMALAYA NOURISHING BABY SOAP (75GM),Pharma
NEBISTAR 5MG (15 TAB),Pharma
AMLOPRES TL (15 TAB),Pharma
HIT  RED 400ML,Pharma
DETTOL COOL SOAP 150 GM,Pharma
CHEENI KUM 0 CAL 100 GM,Pharma
UNICONTIN -E 400 (10 TAB),Pharma
MELAGLOW CREAM (15GM),Pharma
ISOSPRAY NASAL SPRAY (50ML),Pharma
OMNACORTIL 2.5MG (10 TAB),Pharma
LOBATE SKIN CREAM (30GM),Pharma
DYTOR 20MG (15 TAB),Pharma
MEFTAL P (10 TAB),Pharma
MACPROT CHOCO POWDER 200MG,Pharma
PANTOP DSR (15 CAP),Pharma
LISTERINE FRESHBURST M/W (500ML),Pharma
SIMCO SWIFT HAIR SPRAY 100ML,Pharma
DOVE SHAMPOO 650 ML,Pharma
OXEMIA 50MG (6 TAB),Pharma
AMLONG MT 25MG (15 TAB),Pharma
KELVITROL K2 TAB,Pharma
NURACT PLUS (10 TAB),Pharma
PONDS POWDER ALOE COOL 100GM,Pharma
BROZEET SYRUP (100ML),Pharma
MONTEK LC KID,Pharma
SENSODENT KF TOOTHPASTE (75GM),Pharma
FURR CHARCOAL NOSE STRIPS 3NOS,Pharma
(CLOSED) MOVICOL SACHET 13.81 G,Pharma
WAXRID EAR DROP (10ML),Pharma
LULIFIN CREAM (20GM),Pharma
DENVER HAMILTON BODY TALC (100GM),Pharma
STATSET A 10 (10 CAP),Pharma
SITARITE D (10 TAB),Pharma
DYDROBOON 10MG (10 TAB),Pharma
DUPHILL TAB,Pharma
SIMCO SUPREME HAIR FIXER 100GM (BLUE),Pharma
BIOTALITY SYRUP 200ML,Pharma
ERITEL CH 40 (15 TAB),Pharma
ABZORB BAR (100GM),Pharma
LOTUS SPF50+ (50GM),Pharma
DEPLATT CV 20 (10 TAB),Pharma
DAPAOWN 10MG (15 TAB),Pharma
SITANOW M FORTE (10 TAB),Pharma
GLICRITE MP 60 XR (10 TAB),Pharma
ROSIFLEX TRIO (14 CAP),Pharma
(CLOSED)SOFY BODY FIT REGULAR 8NOS,Pharma
MEGABROM E/D (5ML),Pharma
MOXOFT D  E/D (5ML),Pharma
DYTOR E 20 (10 TAB),Pharma
SURBEX GOLD (15 CAP),Pharma
PREGABA 75MG (15 CAP),Pharma
GLUCONORM SR 850 (10 TAB),Pharma
XEMINA XT DROPS (15ML),Pharma
CHERICOF 12 COUGH SYRUP (60ML),Pharma
MOOV CREAM (20GM),Pharma
BAJAJ ALMOND HAIR OIL (190ML),Pharma
GROVIVA C 400GM,Pharma
AUGMENTIN 1GM (10 TAB),Pharma
NAN PRO NO 4 (400 GM),Pharma
HEMPUSHPA SYRUP (170ML),Pharma
VASELINE  DAILY BRIGHTENING LOTION 100ML,Pharma
MIGRANECK  10 TAB,Pharma
LEFIT 25,Pharma
PEARS OIL CLEAR GLOW SOAP 75GM,Pharma
ENVY GRAVITY DEO  (120ML),Pharma
ORG TULSI GREEN TEA POMEGRANATE,Pharma
DUREX EXTRA THIN STRAWBERRY 10NOS,Pharma
HIMALAYA BABY LOTION (200ML),Pharma
WHISPER ULTRA SOFT XL+ 45 NOS,Pharma
TELMAXX 25MG (10 TAB),Pharma
LACTO CALAMINE LOTION PURPLE (120ML),Pharma
RHINOSET NASAL SPRAY (12ML),Pharma
SF ADV ALL NIGHT ULTRA COMFORT XL 28PC,Pharma
VICCO TURMERIC 50 GM,Pharma
OLD SPICE AFT SHAVE LOTION 50ML,Pharma
INDERAL 20MG (15 TAB),Pharma
PIGEON GLASS BOTTLE 9+ MONTH 240ML,Pharma
SEBAMED ANTI DANDRUF,Pharma
CWIN CREAM (30GM),Pharma
RABEKIND DSR (10 CAP),Pharma
URIMAX 0.4MG (30 CAP),Pharma
METOLAR AM 50 (10 TAB),Pharma
GABAFIX GEL (30GM),Pharma
CLONATE LOTION (25ML),Pharma
SHELCAL 250MG (30 TAB),Pharma
PANTENE SILKY SMOOTH SHAMPOO (180ML),Pharma
CILACAR TC 6.25 (10 TAB),Pharma
MOISTUREX CREAM 100 GM,Pharma
ZERODOL TC (10 TAB),Pharma
MAXIGLA (15 CAP),Pharma
GABANTIN 300MG (10 CAP),Pharma
SERTA 25MG (15 TAB),Pharma
DAPANORM TRIO (10 TAB),Pharma
LAXOPEG KID SACHET (8.5GM),Pharma
ROZUXIA  10MG,Pharma
ZAYO 100MG (10 TAB),Pharma
NIVEA SHOWER GEL FRESH PURE 250ML,Pharma
OXRA 10MG (14 TAB),Pharma
ENCELIN 50 MG (10 TAB),Pharma
FRIENDS AD DIAPERS XL,Pharma
ENFAMIL STAGE 2,Pharma
RISNIA MD 1 (10 TAB),Pharma
ALFUSIN D (15 TAB),Pharma
FORACORT ROTACAPS 200MCG (30 CAP),Pharma
FEM CREAM BLEECH GOLD (40GM),Pharma
CONCOR AM 2.5 (10 TAB),Pharma
LEVERA DT 250 (10 TAB),Pharma
COTARYL CREAM (75GM),Pharma
LACTO CALAMINE LOTION GREEN (30ML),Pharma
NEWTEL 80MG (10 CAP),Pharma
LOPITAN -P (10 TAB),Pharma
PATANJALI ALOE KANTI GEL (100ML),Pharma
VILOR F 200MG ROTACAP,Pharma
GILLETTE FUSION 5 BLADE 2 NOS,Pharma
PARK AVENUE BRUSH WITH GM CREAM,Pharma
ANGICAM BETA (15 TAB),Pharma
NUROKIND FORTE Z (15 TAB),Pharma
PARK AVENUE SHAVING CREAM COOL BLUE,Pharma
OVERZYME SYRUP (200ML),Pharma
VASMOL 33 100 ML,Pharma
NOVAMOX SUSPENSION 250MG (60ML),Pharma
BRAINMAX SYP. 150ML,Pharma
GLIZID MV (10 TAB),Pharma
ATARAX SYRUP (100ML),Pharma
DYTOR E 10 (10 TAB),Pharma
(CLOSED) FAS-3 KIT,Pharma
TAZLOC CT 40 (10 TAB),Pharma
PALMIGES (10 CAP),Pharma
ENZOMAC FORTE (10 TAB),Pharma
DENVER BLACK CODE COLOGNE TALC 300GM,Pharma
GENVOL  PLUS INHALANT  CAP,Pharma
TYNOR ANKLE BINDER - M,Pharma
AIR WICK FRESHMATIC AUTOSPRAY,Pharma
NUTROLIN B PLUS (15 TAB),Pharma
INDULEKHA SHAMPOO (100ML),Pharma
MIGRABETA TR 40 MG,Pharma
BTN FORTE ( 10 TAB),Pharma
XARELTO 2.5MG,Pharma
CETAPIN XR 500MG (20TAB),Pharma
PRACTIN EN SYRUP (200ML),Pharma
LOOFA ROUND,Pharma
ALE PLUS (10 CAP),Pharma
MET XL TRIO 25 (15 TAB),Pharma
PAMPER PREMIUM CARE PANTS S21,Pharma
FORACORT RESPULES (0.5MG),Pharma
GLYCOHALE RESPULES (25MCG),Pharma
PATANJALI ALOE VERA KESAR CHANDAN GEL (60ML),Pharma
PATANJALI ALOEVERA MOISTURIZING CREAM 50gm,Pharma
JOHNSONS BABY LOTION (200ML),Pharma
ASTHALIN 2MG SYRUP (100ML),Pharma
HIMALAYA NOURISHING CREAM (50ML),Pharma
HYNIDASE 1500IU INJ,Pharma
GENTICYN 80MG INJ 2ML,Pharma
KENACORT INJECTION 40MG (1ML),Pharma
RELIVION E/D (3ML),Pharma
AZEMOX E/D (5ML),Pharma
MOOV CREAM (75GM),Pharma
ARACHITOL D3 NANO SHOTS 4*5 ML,Pharma
DEFCORT 24MG (6 TAB),Pharma
CTD-T 6.25/20 (15 TAB),Pharma
TELEACT D (10 TAB),Pharma
NIMULID MD (15 TAB),Pharma
NEURONOMIC (10 TAB),Pharma
XYLOCAINE 2% INJ,Pharma
SOFY BODY FIT HYGENIE XL 18 (1*3),Pharma
(Closed) HIMALAYA PILEX FORTE TAB 60ns,Pharma
CIR ADULT DIAPERS XL 10 (TAPE),Pharma
DUOLIN 3 RESPULES (3ML),Pharma
ACCU CHEK ACTIVE STRIPS (10N),Pharma
ALEX COUGH SYRUP SF (100ML),Pharma
BAIDYANATH PUNARNAVARISHTA (450ML),Pharma
CLEARZ PLUS CREAM 15 GM,Pharma
CHICCO BABY TALCUM POWDER,Pharma
HANSAPLAST CREPE BANDAGE 10CM,Pharma
F HEAL VAGINAL PESSARIES (6PS),Pharma
CHEENI KUM 90 WHITE BOX,Pharma
ENZOMAC PLUS (10 TAB),Pharma
DUPHALAC SYRUP (450ML),Pharma
MEFTAGESIC DS SUSPENSION 60 ML,Pharma
PERFECT RUBBER GLOVES,Pharma
Vantej Forte Toothpaste 70gm,Pharma
STOLIN GUM ASTRIGENT (15ML),Pharma
SUGAR FREE NATURA 300 PELLETS,Pharma
PIGEON NIPPLE 9+ MONTH (L),Pharma
ROSUVAS CV 20 (10 TAB),Pharma
GARNIER BRIGHT COMPLETE MASK,Pharma
GARNIER PURE CHARCOAL MASK,Pharma
DETTOL LIQUID POUCH (3PACKS),Pharma
SIMCO CLASSIC HAIR FIXER 100GM (PINK),Pharma
COLGATE VISIBLE WHITE TOOTHPASTE (50GM),Pharma
CONTOUR PLUS STRIP 10NOS,Pharma
(CLOSED) CORONATION SUPER DELUXE STANDARD,Pharma
SOLITEN 10MG (10 TAB),Pharma
AMODEP TMH (10 Tab),Pharma
AIR WICK SPRAY REFILL (250ML),Pharma
CHICCO ANTI-COLIC NIPPLE 6+ MONTH,Pharma
PROXYM ER 200 (15 TAB),Pharma
DIOVOL LA SYRUP (200ML) SF,Pharma
PATANJALI APRICOT SCRUB 60 GM,Pharma
OLVANCE 20MG (10 TAB),Pharma
IBSET TAB,Pharma
ORBIT BOTTLE,Pharma
COSMO Q SERUM 30ML,Pharma
FML T E/D (5ML),Pharma
GLYCIPHAGE SR 500 (10 TAB),Pharma
AMLOPRES 10MG (10 TAB),Pharma
WHISPER ULTRA CLEAN XL+ 44 NOS,Pharma
ZUKANORM M 500MG (20TAB),Pharma
AQUA DERM BODY WASH,Pharma
STATSET A 20/75 (10 CAP),Pharma
REXIDIN M FORTE GEL (15GM),Pharma
CUFFCARE L SYRUP 100ML,Pharma
HANSAPLAST MICROPORE 5CM (2INCH),Pharma
ASTHALIN RESPULES (2.5ML),Pharma
RELIKAST FX TAB,Pharma
RAZEL 5MG (10 TAB),Pharma
SOFTOVAC SF POWDER (100GM),Pharma
(CLOSED) FLUTIVATE CREAM 20 GM,Pharma
DAILY IRON Tab,Pharma
DENVER HAMILTON BODY TALC 300GM,Pharma
HALOTOP S OINT (30GM),Pharma
MECONERV -1500MCG (10 TAB),Pharma
BIO D3 XT (15 TAB),Pharma
OLKEM 20MG (15 TAB),Pharma
CONTIFLO ICON 0.4 (10 TAB),Pharma
RACIPER 20MG (15 TAB),Pharma
AMITONE 10MG (10 TAB),Pharma
STATFIT GOLD 20 (10 CAP),Pharma
PEDIASURE VANILA POWDER 400GM,Pharma
PLATIGEN SYRUP (200ML),Pharma
HAIRBLESS TAB 30 NOS,Pharma
"PARACIP SYRUP 125MG (60ML, BLUE)",Pharma
FLURISONE E/D (5ML),Pharma
TRICHUP OIL 200 ML,Pharma
HHLITE CREAM (20GM),Pharma
CORONATION FRUIT CREAM 50 ML,Pharma
FOLITRAX 25MG (4 TAB),Pharma
NATURES HAIR REMOVAL CREAM 30GM,Pharma
POWERGYL SYRUP (30ML),Pharma
LEVORID 5MG (10 TAB),Pharma
NOVAMOX CV FORTE SYRUP,Pharma
BABY TEETHER,Pharma
NUBY FRUIT & VEGGIES NIBBLER 10M,Pharma
KOMBIGLYZE XR 5/500 (7 TAB),Pharma
METOLAR AM 25 (10 TAB),Pharma
TELMIKIND CT 40 (10 TAB),Pharma
PLAVIX 75MG (14 TAB),Pharma
(CLOSEd) CRESTOR  10MG (30 TAB),Pharma
BILYPSA 4MG (10 TAB),Pharma
TEARTIME E/D,Pharma
ROSUVAS 20MG (10 TAB),Pharma
PAMPER PANTS NB34,Pharma
PARACHUTE OIL (600ML),Pharma
STIM INTERDENTAL BRUSH RED,Pharma
COLICAID SYRUP (100ML),Pharma
PRUCROS 20MG (10 TAB),Pharma
BUSCOGAST INJECTION 20MG (1ML),Pharma
(CLOSED) DOVE REPAIR DAMAGE THERAPY COND 180ML,Pharma
ERYTOP LOTION (25ML),Pharma
ENVY BLUSH POWDER (100GM),Pharma
EZACT 120MG (10 TAB),Pharma
PAMPER PANTS S7,Pharma
PAMPER PANTS XL6,Pharma
DERMIFORD CREAM (25GM),Pharma
HIMALAYA EXTRA MOIST. BABY SOAP (75GM),Pharma
HEPATOGLOBINE SYP. 300ML,Pharma
GATSBY WATER GLOSS HAIR GEL SOFT 30GM,Pharma
NIVEA SHOWER GEL COOL KICK 250ML,Pharma
TRITELSAR 40MG (10 TAB),Pharma
OLIMELT 10MG (10 TAB),Pharma
LITHOSUN SR (10 TAB),Pharma
LITTLES BABY PANTS L 8,Pharma
TYNOR POUCH ARM SLING S,Pharma
PILORUTE EP (7 TAB),Pharma
ZEET COUGH SYRUP (100ML),Pharma
(CLOSED) HIMALAYA DIBECON TAB 60 NOS,Pharma
(CLOSED)IGIENA HAND SANITIZER 500ML,Pharma
ISTAVEL 50 MG TAB 7 NOS,Pharma
CELIN CHEWABLE (20 TAB),Pharma
BUDECORT INHALER (100MCG),Pharma
ESOFAG D (10 CAP),Pharma
DIANORM M OD 1000MG (10TAB),Pharma
DIATAAL CAP,Pharma
(CLOSED) GILLETE GUARD RAZER 24 RS,Pharma
LORACT TAB,Pharma
GLIMDA MV 2 (10 TAB),Pharma
PROVO AX POWDER 200 GM,Pharma
DIGENE GEL ORANGE (200ML),Pharma
BRO ZEDEX COUGH SYRUP (100ML),Pharma
OMRON B.P MONITOR HEM-7156,Pharma
CABGOLIN 0.5 MG TAB,Pharma
KOKILA MEHANDI  250 GM,Pharma
CALDOB CREAM (30GM),Pharma
ROSYS 5MG (10 TAB),Pharma
PAMPER PANTS NB17,Pharma
TAC ROLL ON DEO 50ML,Pharma
MONIT GTN 2.6MG (30 TAB),Pharma
OFLOX 50 SYRUP (60ML),Pharma
VOVERAN INJECTION 75MG (1ML),Pharma
PILS D3 SHORTS 5ML,Pharma
VOLINI SPRAY (60GM),Pharma
MEDERMA PM ACNE SCARS CREAM (10GM),Pharma
M.POKO EXTRA L22,Pharma
HIMALAYA ANTI DANDRUFF SHAMPOO (180ML),Pharma
HIMALAYA DIAREX SYRUP (100ML),Pharma
HALOX S OINT (30GM),Pharma
ROZAVEL F (10 TAB),Pharma
CONTIFLO D (10 CAP),Pharma
MOTHERCARE BABY MILK BATH 300ML,Pharma
CEFITAXE CV TAB,Pharma
SOLACID O SUSPENSION (170ML) SF,Pharma
RENOQUE CAP,Pharma
TORLIS 20MG (10 TAB),Pharma
CORTIROWA OD (10 TAB),Pharma
SYMBICORT TURBUHALER (160/4.5UG),Pharma
ECARVIT TAB,Pharma
(CLOSED) MIXTARD 30 PENFILL,Pharma
ZORYL M 1 (20 TAB),Pharma
CLOP S OINT (20GM),Pharma
VILDEP M 50/500 (15 TAB),Pharma
BETAGEL G CRM 20GM,Pharma
SITARITE M OD (10 TAB),Pharma
E COD PLUS (15 CAP),Pharma
NURODAY D3 TAB,Pharma
(CLOSED) NIVEA LIP BALM SOFT ROSE,Pharma
I SITE AF (10 CAP),Pharma
SUGANRIL TAB,Pharma
DDR 60MG (10 CAP),Pharma
MOIZ XL HYDRO BOOST CRM (200GM),Pharma
SUGAR POP LIP BALM,Pharma
GARNIER MICELLAR CLEANSING WATER (125ML),Pharma
TRACFREE KM SYP 100ML,Pharma
VENPRES 20MG (10 TAB),Pharma
CORBIS 2.5MG (15 TAB),Pharma
LIVOTONE CAP,Pharma
ULTRA D3 4K (15 TAB),Pharma
NEUTROGENA HYDRO BOOST WATER GEL 50GM,Pharma
(CLOSED) ALCOHOL PREP PADS SWAB,Pharma
K GLIM 1MG (15 TAB),Pharma
M EARTH UBTAN CLEANSING MILK 100ML,Pharma
LOREAL TOTAL REPAIR 5 SHAMPOO 180ML,Pharma
PETRIL MD 0.25 (NRX),Pharma
ADONIA CREAM (100GM),Pharma
MACPROX DP 250 (10 TAB),Pharma
PROVIRONUM 25MG (10 TAB),Pharma
PROGYNOVA 2MG (28 TAB),Pharma
MINOKEM N 5% 60ML,Pharma
GRID M2 (10 TAB),Pharma
ATEN 50 TAB,Pharma
TERBICIP (15 TAB),Pharma
SYMBAL 20,Pharma
VCOLUX (10 TAB),Pharma
VERIFICA M 50/500 (15 TAB),Pharma
PLACENTREX GEL 20GM,Pharma
ROGAN BABCHI 10 ML,Pharma
SODOX ANTIOXIDANT (15 CAP),Pharma
PATCHEX (15 TAB),Pharma
B FIT ADULT DIAPERS PAINTS L 10,Pharma
B FIT ADULT DIAPERS PANTS XL 10,Pharma
NAPY SOFT DIAPER RASHES CREAM 50G,Pharma
Clinmiskin Gel 20gm,Pharma
CALCIMAX 500 (30 TAB),Pharma
TENGET M FORTE (10CAP),Pharma
CALCAREA PHOSPHORICA 6X (RED),Pharma
VICKS BABYRUB (50ML),Pharma
ROITHIN 10MG (10 TAB),Pharma
GLIMISAVE MV 1.3 (10 TAB),Pharma
SITARITE DM (10 TAB),Pharma
OLMIWAKE TRIO (10 TAB),Pharma
UM CERVICAL COLLAR SOFT(S),Pharma
ACNE GAURD F/W (50GM),Pharma
TACROZ FORTE 0.1% OINT (10GM),Pharma
TENDOSOFT (10 TAB),Pharma
FLAMINGO HEAT BELT REGULAR,Pharma
VASELINE COCOA GLOW LOTION 200ML,Pharma
NIVEA MEN ACNE F/W 50GM,Pharma
GREEN OINTMENT 15 GM,Pharma
VERGICAL JOINTS (10 TAB),Pharma
LOSTAT H (15 TAB),Pharma
ACTAPRO 100MG (15 TAB),Pharma
HIFENAC SR (10 TAB),Pharma
SAT ISABGOL TEL. SACHET 5GM,Pharma
HALOX CREAM (30GM),Pharma
LACSOFT CREAM (50GM),Pharma
DIVAA 250MG (10 TAB),Pharma
SYSTAFLAM GEL (25GM),Pharma
TELBID MCT 50 (10 TAB),Pharma
ALEX LOZENGES GINGER-LEMON,Pharma
ATOGLA RESYL CREAM 150GM,Pharma
(Closed) TUGAIN EVA 5%,Pharma
NEXOPIL DSR CAP,Pharma
(CLOSED)NU GUARD SANITIZER 5 LTR,Pharma
(CLOSED) ENVY LUV DEO WOMEN,Pharma
ESLO 2.5MG (15 TAB),Pharma
TELSAR A (15 TAB),Pharma
CHICCO ANTI-COLIC NIPPLE 4+ MONTH,Pharma
DINOMAC 2MG TAB,Pharma
BAIDYANATH DASHMULARISHTA (450ML),Pharma
METFOR 500MG (20 TB),Pharma
GARNIER BRIGHT VIT C SERUM CREAM 45GM,Pharma
HAEM UP XT PLUS,Pharma
VYSOV M 50/1000 (15 TAB),Pharma
SITAPRIDE M 50/500 (15 TAB),Pharma
TECUM 0.1% OINT. 10GM,Pharma
CABGOLIN 0.25MG ( 4 TAB),Pharma
RANIDOM O SUSPENSION (200ML),Pharma
PONDS DETAN F/W 50GM,Pharma
DULCOFLEX SUPPOS 5MG CHILD,Pharma
M.POKO EXTRA M42,Pharma
FLARE HEATING BAG POCKET 102,Pharma
ETOSYS (10 TAB),Pharma
POTKLOR SYRUP (200 ML) SF,Pharma
ZIGLIM M 1 (15 TAB),Pharma
BOROLINE SMOOTH CREAM (COMBO),Pharma
(CLOSED) ENVY PASSION POWDER (100GM),Pharma
PHOTOSTABLE  EMULGEL SPF55 +(50GM),Pharma
SALISIA TV LOTION 50ML,Pharma
MOIZ CLEANSING LOTION (200ML),Pharma
KERAMOTE SHAMPOO 100ML,Pharma
MAXRICH YU CREAM (100GM),Pharma
RENOCIA TAB,Pharma
MOISTANE E/D (10ML),Pharma
AMLONG A 25 (15 TAB),Pharma
M.POKO EXTRA NB2,Pharma
LAKME CLEANSING MILK 60ML,Pharma
INSTAMET-500 SR TAB,Pharma
PAMPER PANTS L38,Pharma
DERMADEW ALOE CREAM (50GM),Pharma
HAPPI ER (15 CAP),Pharma
VALDIFF M 500 (15 TAB),Pharma
BAIDYANATH BHRINGRAJASAVA (450ML),Pharma
IBUGESIC PLUS SUSPENSION (60ML),Pharma
(CLOSED)  VICCO TERMERIC CREAM 70GM,Pharma
DAPAVEL M 5/500 (10 TAB),Pharma
ARBITEL AM (10 TAB),Pharma
TRETIVA 20MG (10CAP),Pharma
SUCRAL SUSPENSION (200ML),Pharma
DYTOR PLUS 5 (15 TAB),Pharma
FLUCOLD SYRUP (60ML),Pharma
ATOGLA RESYL LOTION 250ML,Pharma
TELISTA CL (10 TAB),Pharma
DR.MOREPEN GLUCO ONE GLUCO METER,Pharma
VASELINE ALOE FRESH LOTION 200ML,Pharma
PROTINEX ORIGINAL 250gm,Pharma
STIM INTERDENTAL BRUSH BLUE,Pharma
THERMOSEAL PROXA WS,Pharma
VENUS SKIN LOVE RAZOR,Pharma
FERIUM (10 TAB),Pharma
HIMALAYA GASEX ELAICHI SYRUP (200ML),Pharma
CLEAN & CLEAR  AQUA  F/W  100ML,Pharma
PICOLEX SYRUP (100ML),Pharma
PEROBAR 2.5% SOAP 75GM,Pharma
PAMPER PANTS M44,Pharma
ATORVA 5MG (15 TAB),Pharma
MAZETOL SR 400 (15 TAB),Pharma
LAFZ LIP BALM CHERRY,Pharma
ACCUSURE LIFE GLUCOSE METER,Pharma
ACCUSURE LIFE GLUCOSE STRIPS (25N),Pharma
SOMACALM (15 TAB),Pharma
TREHALUBE E/D (10ML),Pharma
EVERYUTH NAT WALNUT APRICOT SCRUB 50GM,Pharma
DETTOL COOL SOAP SET 75 GM,Pharma
REXIDIN PLUS M/W 150ML,Pharma
TROYVIT D3 CAP,Pharma
CALGROW  FORTE (10 CAP),Pharma
FACECLIN AT GEL (20GM),Pharma
FRIENDS AD DIAPERS M,Pharma
HORLICKS CHOCO JAR 500 GM,Pharma
NATURES PEEL OF MASK CHARCOAL 65GM,Pharma
MACSART AM (10 TAB),Pharma
FERIKIND M (10 TAB),Pharma
LA SHIELD IR SUNSCREEN GEL SPF 30 60GM,Pharma
VASELINE ALOE FRESH LOTION (90ML),Pharma
DULCOFLEX SUPPOSITORIES ADULTS,Pharma
TONOFERON PAEDIATRIC SYRUP (100ML),Pharma
DERIPHYLLIN M (10 TAB),Pharma
PEE SAFE PANTY LINERS 20P,Pharma
SOHA LIQUIGEL E/D (5ML),Pharma
PIGEON SOOTHER 12+MONTH (L),Pharma
PEE SAFE SANITARY PADS REGULAR 10NOS,Pharma
DYTOR 40MG (10 TAB),Pharma
FLUCOS 5% GEL (15 GM),Pharma
CETANIL 10MG (15 TAB),Pharma
XANTOX GLO (10 TAB),Pharma
MYELOGEN FORTE (10 CAP),Pharma
ALENSOL D (4 TAB),Pharma
ISRYL M1 (15 TAB),Pharma
CLOSTAR GM CREAM (16GM),Pharma
AZTRIC 40MG TAB,Pharma
GLYCOMET- 850 SR (10 TAB),Pharma
TRIVEDON MR (10 TAB),Pharma
VASELINE COCOA GLOW 90ML,Pharma
PANTOP 20MG (10 TAB),Pharma
VICKS VAPORUB XTRA STRONG (25ML),Pharma
REJUGLOW FACE WASH (100ML),Pharma
OLAY ANTI-AGEING CREAM 18GM,Pharma
M.POKO EXTRA M22,Pharma
DABUR CHYAWANPRASH AWALEHA (GUR) 540GM,Pharma
ZANDU SONA CHANDI CHYAWANPRASH  450 GM,Pharma
FLUCOLD DS SUSPENSION (60ML),Pharma
MORISONS ANTI-COLIC NIPPLE (M),Pharma
KESARI JIVAN 450 GM,Pharma
STIM RI-NAMEL TOOTHPASTE (80GM),Pharma
M EARTH ONION SHAMPOO 400ML,Pharma
MOTHER CARE BABY SOAP 75GM,Pharma
LACTODEX LBW 400G,Pharma
PATANJALI DANTKANTI PASTE 200 GM,Pharma
TYNOR BUNION SPLINT,Pharma
SLOANS BALM 10GM,Pharma
AF KIT,Pharma
FEBUTAZ 80MG (10 TAB),Pharma
AZULIX 3 MF FORTE (10 TAB),Pharma
PROVIDAC BOTTLE (14CAP),Pharma
SILODAL D 8 (10 CAP),Pharma
AZEFLO NASAL SPRAY (7ML),Pharma
JOHNSONS BABY OIL (200ML),Pharma
COLGATE TOOTHBRUSH MRP35,Pharma
VYSOV M 50/500 (15 TAB),Pharma
NESCAFE ALL IN ONE COFFEE,Pharma
VIGORE 50 MG ( 4 TAB),Pharma
HIMALAYA NOURISHING CREAM (100ML),Pharma
Thimin Injection 100mg (2ml),Pharma
GLUCORYL M2 FORTE (15 TAB),Pharma
CILACAR 5MG (10 TAB),Pharma
SITARED M 50/1000 (15 TAB),Pharma
GATSBY SIDE BLOW WAX 25GM,Pharma
LAKME PEACH MILK ULTRA LIGHT WEIGHT GEL 25GM,Pharma
BISONEXT 5MG (15 TAB),Pharma
CHICCO GIFT PACK 0+MONTH BLUE,Pharma
ROSICHAMP 4G TAB,Pharma
ARBITEL CT 40 (10 TAB),Pharma
CLOP GM NEO CREAM (15GM),Pharma
NIVEA BODY MILK SHEA SMOOTH 75ML,Pharma
VALRATE CR 500 (10 TAB),Pharma
ORG IND MORINGA HIBISCUS,Pharma
DUZELA  30MG (10 CAP),Pharma
SIZODON MD 0.5MG (10 TAB),Pharma
GILLETTE GUARD BLADE 3 NOS,Pharma
NIVEA ALOE HYDRATION BODY LOTION  75 ML,Pharma
DABUR ALMOND HAIR OIL (45ML),Pharma
PEGMOVE 121GM 246 RS,Pharma
AZEE SYRUP 200MG (15ML),Pharma
TELMIKIND AM 80 (10 TAB),Pharma
CYMET ER 50 (10 TAB),Pharma
BENZAC AC 2.5% GEL (30GM),Pharma
PARK AVENUE STORM 150 ML 225 RS,Pharma
VALZAAR 40MG (10 TAB),Pharma
LOGIDRUF 100ML,Pharma
FLAMICREPE CREPE BANDAGE 4 INCH,Pharma
EPILEX CHRONO 200 (15 TAB),Pharma
ACNE UV GEL SPF 30 (30GM),Pharma
ACITROM 3MG (30 TAB),Pharma
BUDESAL RESPULES (0.5MG),Pharma
AMTAS 2.5MG (30 TAB),Pharma
SELOKEN XL 100 (15 TAB),Pharma
I SITE PLUS (10 TAB),Pharma
SITARED M 50/500 (15 TAB),Pharma
ALFOO 10MG (30 TAB),Pharma
VICKS VAPORUB XTRA STRONG (50ML),Pharma
CADIPHYLATE ELIXIR SYRUP (200ML),Pharma
DABUR ASHWAGANDHARISHTA 450 ML,Pharma
BACTRIM DS (10 TAB),Pharma
ITROP PLUS E/D (5ML),Pharma
ZM LIP BALM STRAWBERRY,Pharma
RESTASIS  0.05% E/D,Pharma
TELMA BETA 50 (10 TAB),Pharma
GLINIL- M TAB,Pharma
GLUCONORM G 0.5 (10 TAB),Pharma
OLKEM 20 AM (15 TAB),Pharma
WALKING STICK TRIPOD,Pharma
SR PEVESCA PLUS 75 (10 TAB),Pharma
REGAIN CD3 (10 TAB),Pharma
GABAVIT TAB,Pharma
LAKME PEACH MILK 12GM,Pharma
DABUR CHYAWANPRASH AWALEHA (GUR) 900GM,Pharma
RHUE OIL 30ML,Pharma
NOVORAPID FLEXPEN  100I.U./ML,Pharma
VERIFICA 50MG (15 TAB),Pharma
BILASHINE 20MG (10 TAB),Pharma
TEMSAN H (15 TAB),Pharma
TYNOR CERVICAL COLLAR SOFT (S),Pharma
CARIPILL SYRUP (150ML),Pharma
LAKME PEACH MILK SOFT CREAM  100GM,Pharma
ZITA-MET 20/1000 (15 TAB),Pharma
MOTHER CARE BABY HAIR OIL 300ML,Pharma
DERMAMOIST SOAP 75GM,Pharma
BELAR FORTE (10 TAB),Pharma
IODEX ULTRA GEL (30GM),Pharma
PAMPER PANTS XL34,Pharma
SURBEX XT (15 TAB),Pharma
DEPNSAID MR (10 TAB),Pharma
KIDODENT TOOTHPASTE (75GM),Pharma
PIGEON MANUAL BREAST PUMP (BASIC),Pharma
LAYER'R WOTTAGIRL PERFUME 135ML,Pharma
(CLOSED) HIMALAYA VANILLA LIP CARE,Pharma
FERONIA MAX SUSP (200ML),Pharma
NOWORM SUSP 10ML,Pharma
LAKME Peach Milk Light Weight Moist.60ml,Pharma
ZENFLOX UTI (10 TAB),Pharma
NIVEA CREAM 200ML,Pharma
ACNELAK SOAP (75GM),Pharma
TELLZY MT 50 (15 TAB),Pharma
NORMOZ DS (10 TAB),Pharma
CARDIOZEN FB (10 TAB),Pharma
HEAD AND SHOULDER SHAMPOO (72ML),Pharma
PONDS BRIGHT BEAUTY SERUM CREAM  ( 35GM ),Pharma
PARACHUTE HOT HAIR OIL (190ML),Pharma
PAMPER PANTS XL16,Pharma
PAMPER PANTS M8,Pharma
NORMOZ (10 TAB),Pharma
RAPITUS XT COUGH SYRUP (100ML),Pharma
SUNSILK SHAMPOO POCH 5ML YELLOW,Pharma
LUBRIJOINT OD (30 TAB),Pharma
SURF EXCEL MATIC LIQUID 1L,Pharma
PONDS BB+ CREAM 18GM,Pharma
NIVEA COCOA NOURISH BODY LOTION  75 ML,Pharma
ACCUSURE KNEE CAP (BAMBOO) L,Pharma
LIOFEN XL 20 (10 CAP),Pharma
TENLIMAC 20MG (10 TAB),Pharma
ZIGLIM M 2 (15 TAB),Pharma
LUMIVOID CREAM 30 GM,Pharma
BENADRYL DRY COUGH SYRUP (100ML),Pharma
WHITE TONE FACE CREAM 25GM,Pharma
PAH 20MG (15 TAB),Pharma
BAIDYANATH TRIPHALA GUGGULU (80 TAB),Pharma
SF ADV ULTRA COMFORT XL 28NOS,Pharma
DABUR SHANKAPUSHPI SYRUP 225 ML,Pharma
ADMENTA 5MG (10 TAB),Pharma
DONEP 10MG (15 TAB),Pharma
OLIMELT 5MG (10 TAB),Pharma
ORG IND HONEY LEMON (MUG),Pharma
WAXRID OLIV  EAR DROPS (10ML),Pharma
DUREX LUBE STRAWBERRY,Pharma
OVABLESS (10 TAB),Pharma
SALICYLIX SF6 OINT (50GM),Pharma
PANDERM NM CREAM (15GM),Pharma
GREEN LEAF FOOT CARE CREAM 25GM,Pharma
CROCIN SUSPENSION 120MG (100ML),Pharma
PATANJALI SANDAL BODY CLNSR 75GM,Pharma
ESTRABET 2MG (28 TAB),Pharma
DINOFIRST 2MG (14 TAB),Pharma
LYSER FORTE (10 TAB),Pharma
PONDS LIGHT MOISTURISER CREAM 12ML,Pharma
NIVEA BODY MILK SHEA SMOOTH 200ML,Pharma
CIPLACTIN SYP 200ml,Pharma
CARDACE H 2.5MG (15 TAB),Pharma
HEEL N FOOT  CREAM 30G,Pharma
CALINTA XT (15 TAB),Pharma
GLIMISAVE 4MG (15 TAB),Pharma
JOHNSONS BABY OIL (500ML),Pharma
EMEFER XT (10 TAB),Pharma
CEBHYDRA MOISTURIZING CREAM 100GM,Pharma
KLM-FX 180,Pharma
PIGEON GLASS BOTTLE 4+ MONTH 200ML,Pharma
PEE SAFE TAMPONS REGULAR 8NOS APPLICATOR,Pharma
OLESOFT MAX CREAM 300GM,Pharma
VALROS 10MG (10 TAB),Pharma
DAZIT M (10 TAB),Pharma
GLIZID 40MG (10 TAB),Pharma
(CLOSED)SUPER TOP HAND SANITIZER 5 LTR,Pharma
NEW GLYCODIN SYRUP (100 ML),Pharma
GLYCOMET GP3 FORTE (10 TAB),Pharma
FOLIN Z (10 TAB),Pharma
MATILDA PLUS (10 CAP),Pharma
MECONERV FORTE (10 CAP),Pharma
(CLOSED) ARACHITOL INJ. 6L IU 15GM,Pharma
ZANDU SONA CHANDI CHAWANPRASH 900GM,Pharma
FOL 123 (15 CAP),Pharma
STUGERON FORTE (20 TAB),Pharma
DISPERZYME (10 TAB),Pharma
VITRISE C (20TAB),Pharma
MOXCLAV DS 457MG SYRUP (30ML),Pharma
RENERVE P-SR (10 TAB),Pharma
COLIMEX SUSPENSION (30ML),Pharma
PARI CR 25 (15 TAB),Pharma
JOHNSONS BABY SOAP 50GM,Pharma
JOHNSONS BABY SHAMPOO (50ML),Pharma
SUNBAN ULTRA GEL,Pharma
(CLOSED)SOFY BODY FIT REGULAR 7NOS,Pharma
LITTLES POLY MINI BOTTLE 120ML,Pharma
SF DRY MAX ALLNIGHT ULTRA XXL 28NOS,Pharma
GLOW & LOVELY WINTER GLOW 25GM,Pharma
DOMSTAL 10MG (10 TAB),Pharma
PIRITON CS SYP 100 ML,Pharma
CLAVAM 1G (10 TAB),Pharma
GATSBY SPRAY STRONG HOLD 250ML,Pharma
PLETOZ 50MG (10 TAB),Pharma
OXYLIFE BLEACH CREME 9GM,Pharma
EVERYUTH EXFOLIATING WALNUT SCRUB 7GM,Pharma
TYNOR HEATING PAD ORTHO REGULAR,Pharma
ANGISPAN TR 2.5MG (25 CAP),Pharma
POCT STEAMER,Pharma
HONEY LEAF BOX,Pharma
HAMDARD LAUQ SAPISTAN 150GM POWDER,Pharma
IVABRAD 5MG (15 TAB),Pharma
DABUR AMLA HAIR OIL (110ML),Pharma
OILATUM SOAP 100GM,Pharma
FORGLYN PLUS INHALER,Pharma
EZORB FORTE (15 TAB),Pharma
UPRISE D3 60K (12 CAP),Pharma
CC 74 (30 TAB),Pharma
XSTAN 40MG,Pharma
(CLOSED) ENVY TECHNO DEO (130ML),Pharma
CETAPHIL PRO UREA 4% LOTION 200ML,Pharma
CREVAST F 5 (10 TAB),Pharma
PONDS LOTION 20ML RS10,Pharma
HAEM UP (30 CAP),Pharma
AMYCORDIAL SYRUP (200ML),Pharma
BIO D3 PLUS (15 CAP),Pharma
SELSUN SUSPENSION (120ML),Pharma
GATSBY SPRAY EXTREME HOLD 250ML,Pharma
GABANYL M (10 TAB),Pharma
CREVAST 10MG (15 TAB),Pharma
ADD TEARS E/D (10ML),Pharma
VASELINE ANTI AGEING LOTION 400ML,Pharma
CUTISOFT CREAM (15GM),Pharma
THREPTIN DISKETTES (275GM) 12,Pharma
LOBATE S OINT (30GM),Pharma
MOISOL Z E/D (10ML),Pharma
EUTHYROX 75MCG (100 TAB),Pharma
SEBODEL SPRAY (50MG),Pharma
SUNBAN MATTE SUNSCREEN SPF30 (75GM),Pharma
ALL CARES OXYGEN CAN,Pharma
BENFOMET PLUS (10 TAB),Pharma
CIVADERM SHAMPOO 100ML,Pharma
DUREX MASSAGE LUBE GUARANA 200ML,Pharma
WHISPER B N KOALA SOFT XXXL+ 8 NOS,Pharma
HARISONS NEEM JAMUN KRELA POWDER (100GM),Pharma
PREGABANYL NTM TAB,Pharma
KOJIGLO FACE WASH 100ML,Pharma
FULLFORM 200 ROTACAPS,Pharma
DIAMICRON XR MEX 30/500 (15 TAB),Pharma
PROTINEX RICH CHOCO POWDER 400 GM,Pharma
DORTAS -T EYE DROPS 5ML,Pharma
FLOMINEX NASAL SPRAY,Pharma
T-MUCE OINT (10GM),Pharma
TETMOSOL DUSTING POWDER (50GM),Pharma
CHICCO BABY BODY LOTION 200ML,Pharma
HADENSA OINT (20GM),Pharma
GLOSSAGE CREAM 25GM,Pharma
VALCIVIR 500MG (3 TAB),Pharma
ZYDIP C LOTION (30ML),Pharma
ABHAYTOX T.T INJ 0.5ML,Pharma
ROSUMAC GOLD 10 (10 CAP),Pharma
CHESTON COLD SYRUP (60ML),Pharma
MINIMALIST VITAMIN K+RETINAL EYE CREAM 1% 14G,Pharma
RIZACT 5MG (4 TAB),Pharma
SF DRY MAX ALL NIGHT ULTRA DRY XXL 7NS,Pharma
DABUR CHYAWANPRASH 500 GM SF,Pharma
LIOFEN 10MG (10 TAB),Pharma
LAKME PEACH MILK MOISTURE CREAM (50GM),Pharma
EMAMI MALAI KESAR COLD CREAM 30ML,Pharma
TENGLYN 20MG (15 TAB),Pharma
GLUCOBAY 25MG (10 TAB),Pharma
MINIMALIST VITAMIN C&E SERUM 16% 20ML,Pharma
EVERYUTH TULSI TURMERIC FACEWASH (150GM),Pharma
FIBROEASE 25MG (10 TAB),Pharma
URBAN YOG HAIR REMOVAL SPRAY 200ML,Pharma
CONDITIONER MD MX 98gm,Pharma
SHAMPOO MD MX 200ml,Pharma
F. WASH ACNE NOSE MD,Pharma
GATSBY HAIR WAX ( 75GM ),Pharma
AVEENO SKIN RELIEF MOIST.LOTION 71 ML,Pharma
MINIMALIST LIP BALM SPF 30 8G,Pharma
M.POKO STD XL11,Pharma
CAL4U-HD (10 TAB),Pharma
(CLOSED) ENVY ROCK DEO (130ML),Pharma
LOTUS WHITEGLOW CREAM (35GM),Pharma
HIMALAYA HAIR CREAM (100ML),Pharma
CARDACE 10MG (15 TAB),Pharma
OXETOL 150MG (10 TAB),Pharma
NICOTEX FRUIT BURST S/F 2MG,Pharma
DEPURA VIT D3 SHOTS 1*4,Pharma
DAZIT 10MG (15 TAB),Pharma
PRAMIROL 0.125MG (10 TAB),Pharma
(CLOSED) NIVEA LIP BALM CHERRY SHINE,Pharma
DELETUS D PLUS SYRUP 100 ML,Pharma
VYAS ARJUNCHHAL CHURNA (100GM),Pharma
LOREAL ANTI HAIRFALL SHAMPOO 180ML,Pharma
URBAN GABRU HAIR REMOVAL SPRAY 200ML,Pharma
GATSBY HAIR GEL ( 150GM ),Pharma
MORISONS KIDS TOOTH BRUSH 45RS/ 35RS,Pharma
STIM CHARCOAL PASTE 80 GM,Pharma
PEE SAFE SANITARY PADS OVERNIGHT 10NOS,Pharma
TENORIC 25MG (10 TAB),Pharma
KOHINOOR EXTRA TIME 1*10,Pharma
MOOV STRONG GEL (50GM),Pharma
CLEAN AND DRY WASH (90ML),Pharma
VISCODYNE COUGH SYRUP SF (100ML),Pharma
AMLOKIND 5 MG (10TAB),Pharma
AMBI PUR AIR SPRAY 275GM,Pharma
M.POKO EXTRA L44,Pharma
FLAVIROZ MR (10 TAB),Pharma
RANOZEX (10 TAB),Pharma
CALOF PLUS (10 TAB),Pharma
SILDOO D 4 (10 CAP),Pharma
HORLICKS CHOCO 200GM,Pharma
MINIMALIST MARULA OIL MOISTURIZER 50G,Pharma
CLIN 3 GEL (20GM),Pharma
PAMPER ACTIVE BABY XL32,Pharma
DOUBLEMINT BOTTLE,Pharma
URILISER SYRUP (200 ML) SF,Pharma
BAIDYANATH ARJUNARISHTA (450ML),Pharma
DABUR CHYAWANPRASH 500GM,Pharma
GATSBY TOUGH SPIKES WAX 25GM,Pharma
TYNOR CERVICAL COLLAR SOFT (UNI),Pharma
HALOVATE CREAM (30GM),Pharma
DABUR GULABARI MOIST. COLD CREAM 30 ML,Pharma
BENZAC AC 5% GEL WASH (100ML),Pharma
CLEAN AND DRY WASH (190ML),Pharma
REMO-ZEN 100MG 15TAB,Pharma
CHERICOF JUNIOR COUGH SYRUP (60ML),Pharma
EPISOFT CLEANSING LOTION (125ML),Pharma
LOCERYL NAIL LACQUER 2.5ML,Pharma
ULTITAR CS LOTION,Pharma
REPACE 50MG (10 TAB),Pharma
COLGATE M WASH PEPPERMINT 250 ML,Pharma
ZENRID D (10 TAB),Pharma
PATANJALI BADAM ROGHAN OIL (60ML),Pharma
KEROSITE DT( 10 TAB),Pharma
MINIMALIST SALICYLIC ACID CLEANSER 100ML,Pharma
PARACHUTE OIL (200ML),Pharma
DOLO SUSPENSION 250MG (60ML),Pharma
M EARTH VITAMIN C FACE TONER,Pharma
NASOWASH STARTER KIT,Pharma
GLIMISAVE M 1 (15 TAB),Pharma
PIOZ 15MG (10 TAB),Pharma
URILISER MB6 SYRUP (200ML),Pharma
LIFEBUOY SOAP 75GM,Pharma
LONITAB 2.5MG (10 TAB),Pharma
WARSTONE DS SYRUP (300ML) SF,Pharma
M.POKO EXTRA M12,Pharma
ACITROM 2MG (30 TAB),Pharma
SITARITE M FORTE (15 TAB),Pharma
ROPARK 2MG (10 TAB),Pharma
SYNDOPA CR 250MG (10 TAB),Pharma
KHADI HERBAL MEHNDI,Pharma
HISONE 5MG (10 TAB),Pharma
NAC SR 75 (10 TAB),Pharma
PRE NAN 400GM,Pharma
VASOCARE JELLY (14ML),Pharma
SASLIC GLO FOAMING FACE WASH (60ML),Pharma
LIVINA SYRUP (200ML),Pharma
BOROLINE SUTHOL SPARY (100ML),Pharma
FERIUM XT (15 TAB),Pharma
SUNCROS AQUAGEL SPF26 (100GM),Pharma
SOLSPRE NASAL SPRAY 100 ML,Pharma
THIROACE 50 MG TAB,Pharma
STATSET 20MG (15 TAB),Pharma
(CLOSED) STATSET 20MG 10TAB,Pharma
ZYKT SOAP 75GM,Pharma
HOPACE 2.5MG,Pharma
REEQUIL ULTRA MATTE SUNSCREEN GEL,Pharma
M EARTH TEA TREE MOISTURIZER 80gm,Pharma
VICCO VAJRADANTI TOOTHPASTE (100GM),Pharma
(CLOSED) ENVY WOMEN VICTORIA PERFUME (120ML),Pharma
ZORAY CPS S/C GEL 50GM,Pharma
SIZODON 3MG (10 TAB),Pharma
TYNOR COMP. STOCKINGS MID THIGH L,Pharma
BAIDYANATH VANGA BHASMA 5G,Pharma
BAIDYANATH MUKTASHUKTI BHASMA 5G,Pharma
FLAMINGO CREPE BANDAGE 2INCH,Pharma
SOFTOVAC POWDER (100GM),Pharma
AHAGLOW S FOAMING FACE WASH (60ML),Pharma
ACCUSURE KNEE SUPPORT OPEN PATELLA,Pharma
REJUGLOW GEL 30GM,Pharma
CETAPHIL BABY PROTECTION CREAM (85GM),Pharma
BAIDYANATH SARASWATARISHTA (450ML),Pharma
WOODEN COTTON BUDS (100N),Pharma
WHISPER BINDAZ NIGHTS XL+ 30 NOS,Pharma
DILZEM SR (15 TAB),Pharma
MINIMALIST RETINOL SERUM 0.3% 30ML,Pharma
EXCELA MOISTURIZER 50 GM,Pharma
ATARAX SR 50MG (15 TAB),Pharma
VASOCARE JELLY (25ML),Pharma
NEWTEL CH 40 (10 TAB),Pharma
DEBIGLIP M (15 TAB),Pharma
DABUR LAL DANT MANJAN (50GM),Pharma
NATURES GOLD BLEACH 43GM,Pharma
ALPHAGAN Z E/D (5ML),Pharma
TELPRES 40MG (15 TAB),Pharma
ARBITEL TRIO 50MG (15 TAB),Pharma
CIFRAN 250MG (10 Tab),Pharma
MET XL AM 25/5 (20 TAB),Pharma
LOREAL HYALURON CONDITIONER 180ML,Pharma
LOREAL RESTORING SHAMPOO (180ML),Pharma
FRESHLO ENEMA (100ML),Pharma
BELLAVITA PERFUME GIFT PACK,Pharma
VIDMET G 80 (10 TAB),Pharma
AZOVAS T 40MG (10 TAB),Pharma
AMYCLOX LB  (10 CAP),Pharma
BIO TRUE LENS SOLUTION 120ML,Pharma
FUSIROSE LOTION 15ML,Pharma
DANFINITO LOTION 100ML,Pharma
TRESEMME HAIR CONDITIONER (80ML),Pharma
LILY COMB TINC,Pharma
CALADRYL LOTION (125ML),Pharma
DUREX REAL FEEL 1*3,Pharma
PIGEON SOOTHER 0+ MONTH (S),Pharma
PARACHUTE JASMINE HAIR OIL (90ML),Pharma
SAFI SYRUP (500ML),Pharma
GRILINCTUS LS COUGH SYRUP (100ML),Pharma
Morisons Manual Breast Pump,Pharma
SMUTH CREAM (30GM),Pharma
TRIMACARE 2  (7+7 TAB) STRIP,Pharma
MOVNWAK CAP 10N,Pharma
A RET GEL 0.025% (20GM),Pharma
SEROFLO 100 ROTACAP,Pharma
(CloseD) DOVE INTENSE R CONDITIONER POUCH 7ML,Pharma
VENUS BIKINI SENSTIVE RAZOR,Pharma
GLYCOMET TRIO FORTE 2 (10 TAB),Pharma
TELPLUS TRIO (15 TAB),Pharma
SEBAMED SENSITIVE SKIN BAR,Pharma
ROSEDAY 10MG (15 TAB),Pharma
BIGEN MEN BEARD COLOR 40G,Pharma
ACNESTAR GEL (20GM),Pharma
HIFENAC D (10 TAB),Pharma
M-SOLVIN COUGH SYRUP (100ML),Pharma
MINIMALIST SUNSCREEN STICK SPF 50 20G,Pharma
SHELCAL M (15 TAB),Pharma
PIOZ 7.5MG (10 TAB),Pharma
CREMAPIL - PLUS SUSP 170 ML,Pharma
MET XL TRIO 50 (10 TAB),Pharma
MUGLI GHUTTI 555 (60ML),Pharma
PRUVICT 1 MG (10 TAB),Pharma
LETOVAL TAB 5 NOS,Pharma
CYRAFLORA CAP,Pharma
MEGANEURON PG (10 CAP),Pharma
GILLETTE VECTOR 3 RAZOR,Pharma
GARNIER COLOR NO 5.32,Pharma
HK VITALS BIOTIN (40 TAB),Pharma
SET WET DEO 200 ML,Pharma
PEE SAFE TAMPONS SUPER PLUS 8N,Pharma
DERIVA CMS GEL (15 GM),Pharma
TRACFREE TAB (10NOS),Pharma
FENZA VAGINAL CAPSULES 600MG,Pharma
NIVEA SHOWER GEL 250ml,Pharma
AMLOPRES L (15 TAB),Pharma
ZAVAMET 500MG (10 TAB),Pharma
SENSUR LOTION (50ML),Pharma
EZINAPI PLUS CREAM (30GM),Pharma
DIVAGEST 200MG (10 CAP),Pharma
LOSAR 25MG (15 TAB),Pharma
AZULIX MV 1/0.2 MG (10 TAB),Pharma
GLUXIT M 10 (10 TAB),Pharma
HIMALAYA TAN REMOVAL F/W (50ML),Pharma
PAN 80MG (15 TAB),Pharma
METOCARD AM (10 TAB),Pharma
CHICCO FEED BOTTLE GLASS 120ML,Pharma
PIGEON GLASS BOTTLE 0+ MONTH 120ML,Pharma
(Closed) TUSQ D COUGH LOZENGES HONEY LEMON,Pharma
CETAPHIL BABY SOAP. 75GM,Pharma
RANTAC RD (10 CAP),Pharma
OTEK AF EAR DROPS (10ML),Pharma
PATANJALI ALO VERA KESAR CHANDAN GEL (150ML),Pharma
RAZUMAB INJECTION 10MG/ML,Pharma
HHH KIT,Pharma
HCV KIT,Pharma
SURGICARE GLOVES 6.5,Pharma
HIMALAYA EVECARE (30 CAP),Pharma
LEEKUF (10 TAB),Pharma
PROSPAN COUGH SYRUP (100ML),Pharma
AUSTRIL-MF NASAL SPRAY,Pharma
LAVETA M SYP. 60ML,Pharma
MOYZEN MOISTURISING LIQUID (100ML),Pharma
MEFTAGESIC P SUSPENSION (60ML),Pharma
HIMALAYA DIAREX (30 TAB),Pharma
NOSKURF LOTION 150ML,Pharma
ULTITAR CS LOTION 100ML,Pharma
AF 400MG (1 TAB),Pharma
OCUVIR EYE OINTMENT (5GM),Pharma
AKT (4 TAB),Pharma
SUNCROS SUNSCREEN LOTION 100ML,Pharma
SEBODRUF ANTI DANDRUFF SHAMPOO (100ML),Pharma
LUBISTAR  1% E/D (10ML),Pharma
RECHARM  FACE WASH 100ML,Pharma
GLUCORYL MP 2 (15 TAB),Pharma
MOTHER CARE BABY OIL 300ML,Pharma
CHICCO BABY MASSAGE OIL 200ML,Pharma
TAC ANANDA DEO 150ML,Pharma
ELTROXIN 88 MG TAB,Pharma
ETOFORD 90MG (10TAB),Pharma
EPTOIN 300ER (30 TAB),Pharma
GLYCIPHAGE G1 (10 TAB),Pharma
JOHNSONS BABY TOP-TO-TOE BATH (50ML),Pharma
EUTHYROX 100 MCG (100 TAB),Pharma
SUSTEN 100 MG  INJ. 1ML,Pharma
ESTOGEL GEL (80GM),Pharma
HUCOG-5000 HP,Pharma
EXHEP 40 INJ,Pharma
VOGLIBITE M 0.3 (10 TAB),Pharma
CHESTON COLD TOTAL TAB,Pharma
IMAC PLUS TAB,Pharma
CYCLOPAM SYRUP (60ML),Pharma
BAIDYANATH AVIPATTIKAR CHURNA (120GM),Pharma
SOFTOLAX POWDER (100G) SF,Pharma
TELMA BS (10 TAB),Pharma
NEUROTRAT NP (10 TAB),Pharma
MIOFREE A 4MG,Pharma
SINAREST SYRUP (75ML),Pharma
ALKASTON B6 SYRUP (200ML),Pharma
TASIRON BABY DROPS (14ML),Pharma
ZYCLIN NANO GEL 15GM,Pharma
AZOBRIL CREAM 20GM,Pharma
FACELIN FACE WASH (100ML),Pharma
DEXOLAC 1 400GM,Pharma
OSICARE TRIO TAB,Pharma
PEE SAFE SWEAT PADS 7 NOS,Pharma
VICCO TURMERIC CREAM 70GM,Pharma
ROXID 150MG (10 TAB),Pharma
DUREX EXTRA THIN BUBBLEGUM  10NOS,Pharma
MORISONS SOOTHER 4+ MONTH,Pharma
TASIRON DRY SYRUP (150ML),Pharma
DOSETIL LOTION (30ML),Pharma
MINOZ 100MG (10 TAB),Pharma
DEPIWHITE ADVANCED CREAM (15ML),Pharma
ISTAVEL 100MG (10 TAB),Pharma
(Closed) GLIMY 2MG (14 TAB),Pharma
DOUBLEMINT LOZENGES RS.10,Pharma
HEAD AND SHOULDERS SHAMPOO (180ML),Pharma
ESOMEFOL DSR (10 CAP),Pharma
PULSE OXYMETER,Pharma
HAMDARD BADAM ROGHAN OIL (25ML),Pharma
GARNIER MEN ACNOFIGHT  CREAM 20GM,Pharma
ROSEUP HD (14 CAP),Pharma
NEPAFLAM OD E/D (3ML),Pharma
KAILAS JEEVAN CREAM (60GM),Pharma
HIMALAYA COMPLETE CARE TOOTHPASTE (150GM),Pharma
LIVON SERUM ( 20ML ),Pharma
RECOFAST PLUS (10 TAB),Pharma
HIMALAYA WINTER DEFENSE MOIST CREAM (100ML),Pharma
BIODERMA ATODERM CREAM (200ML),Pharma
DUREX LUBE REAL FEEL 50ML,Pharma
BURNOL CREAM (25GM),Pharma
VERIFICA M 50/1000 (15 TAB),Pharma
AZORAN 25MG (25 TAB),Pharma
EVACUOL GRANULES (75GM),Pharma
NIOSOL OINT (30GM),Pharma
VIFREN (10 TAB),Pharma
DELETUS P COUGH SYRUP (100ML),Pharma
ECOSPRIN GOLD 10 (15 CAP),Pharma
ZANOCIN OD 400 (5 TAB),Pharma
DENVER DEO (150ML),Pharma
RIFAGUT 200MG (10 TAB),Pharma
M.POKO EXTRA M46,Pharma
AVEENO DAILY MOIST. LOTON 71 ML,Pharma
TSART H (15 TAB),Pharma
TRACNIL SACHET 5 GM,Pharma
MODALERT 100MG (10 TAB),Pharma
RACIPER PLUS (10 CAP),Pharma
PREGASTAR D 50/20 (10 CAP),Pharma
OLYMPRIX M 500 (15 TAB),Pharma
TORBULK 90GM POWDER,Pharma
DIVAA -OD 250MG (10 TAB),Pharma
QUTAN 25MG (10 TAB),Pharma
BOURNVITA 1KG JAR,Pharma
ODONIL ROOM SPRAY COMBO PACK,Pharma
HIMALAYA RICH COCOA LIP CARE,Pharma
S NUMLO 2.5 (15 TAB),Pharma
TYNOR LUMBO SACRAL BELT L,Pharma
CLONATE F CREAM (10GM),Pharma
NICARDIA RETARD 20 (15 TAB),Pharma
DAPAVEL M 10/500 (10 TAB),Pharma
CYSTEO CREAM (15GM),Pharma
AMRUTANJAN HEADACHE ROLL ON (10ML),Pharma
SENSOFORM TOOTHPASTE (120GM),Pharma
HIMALAYA NEEM & TURMERIC SOAP (75GM),Pharma
STREAX HAIR COLOR NO 4,Pharma
M.POKO STD XL24,Pharma
AMRUTANJAN MAHA STRONG BALM (RED 8ML),Pharma
GRILINCTUS L COUGH SYRUP (100ML),Pharma
NIVEA LIP BALM 10GM,Pharma
TELBID CT 40 (15 TAB),Pharma
(CLOSED) STIM CLANDEN DENTURE PASTE,Pharma
SOTHREX BR COUGH SYRUP (100ML),Pharma
PATE SAFA GRANULES (4GM),Pharma
MORISONS WIDE MOUTH ANTI-C NIPPLE (M),Pharma
SANOSAN BABY BATH &SHAMPOO 500ML,Pharma
DEPURA KIDS DROPS (15ML),Pharma
KAPIVA ALOE VERA GEL 150GM,Pharma
SYMBULARDI (10 CAP),Pharma
UDILIV 450MG (10 TAB),Pharma
NEPAMED E/D (5ML),Pharma
D-VENLOR 50 (10 TAB),Pharma
CONSTICHEK POWDER (108GM),Pharma
CHICCO BABY MILD BODY WASH 200ML,Pharma
MORISONS KIDS TOOTH BRUSH 50RS,Pharma
PATANJALI MOISTURIZER CREAM 50GM,Pharma
DOLO TH 4 (10 TAB),Pharma
FACECLIN GEL (20GM),Pharma
CONCOR T 5MG (10TAB),Pharma
FIX DERMA C-ENHANCE - 25 SERUM 15GM,Pharma
MOISETA FACE WASH 50GM,Pharma
S CITADEP 5 (10 TAB),Pharma
SEROFLO INHALER (125MCG),Pharma
COVERSYL AM 8/10 (10TAB),Pharma
HEAL FAST 20TAB,Pharma
SELOKEN XL 50 (30 TAB),Pharma
THIOSPAS A 4 (15 TAB),Pharma
EVERYUTH NAT TAN REMOVAL PACK 50GM,Pharma
FEM CREAM BLEACH GOLD (8GM),Pharma
AROBE L (10 TAB),Pharma
SUNCROS MATTE FINISH LOTION SPF50 (60GM),Pharma
TECZINE 5MG (10 TAB),Pharma
RIOMET OD 500MG (15 TAB),Pharma
UROBAG ROMO10,Pharma
COLOPLAST BRAVA PASTE 12050,Pharma
COLOPLAST BARRIER CREAM 04720,Pharma
COLOPLAST BRAVA ADHESIVE REMOVER SPRAY 12010,Pharma
COLOPLAST ALTERNA OSTOMY BASEPLATE 17737,Pharma
COLOPLAST SENSURA UROSTOMY BAG 11855,Pharma
CLENSTA DEO 150 ML,Pharma
NOVORAPID PENFILL 100U/ML,Pharma
AQUASOFT ADV. FACIAL CREAM 100G,Pharma
SOLVIN EX COUGH SYRUP (100ML),Pharma
NEW SPEEDRAL (15 CAP),Pharma
AMLOKIND 5 MG (15 TAB),Pharma
PRO EASE XL 6ns,Pharma
LIPICURE GOLD 20 (15 CAP),Pharma
RAMCOR 2.5MG (10 CAP),Pharma
EYE REFRESH E/D (10ML),Pharma
CREMAFFIN SYRUP (225ML),Pharma
GATSBY HAIR WAX ( 25GM ),Pharma
MISS CARE ENZO KERATIN HAIR SPRAY 420 ML,Pharma
SF DRY MAX  ALL NIGHT ULTRA DRY XXL14ns,Pharma
IVECOP DT 3MG (2 TAB),Pharma
CYRA 40MG (10 TAB),Pharma
ZIVAST F (10 TAB),Pharma
ATORSAVE 20MG (15 TAB),Pharma
REFZIL O 500MG (6CAP),Pharma
CORBIS AM 2.5 (10TAB),Pharma
FAIR & HANDSOME RADIANCE CREAM 15G,Pharma
JASNEY F/W 100 ML,Pharma
DAPRICA 5MG (10 TAB),Pharma
LUBRIFRESH E/D (10ML),Pharma
LITTLES BABY PANTS M 9,Pharma
NEPTAZ 50MG (14 TAB),Pharma
CLOBENATE GM (10GM),Pharma
KAPIVA SHILAJIT 20N,Pharma
MELANO TX ULTRA CREAM (15GM),Pharma
GILLETTE FOAM LEMON 196GM,Pharma
TRYPTOMER 25MG (30 TAB),Pharma
LUPI -HMG 75MG INJ.,Pharma
NUBY MASSAGER & TOOTHBRUSH,Pharma
BACLOF OD-20 (15 TAB),Pharma
ASTHAKIND LS JUNIOR COUGH SYRUP (60ML),Pharma
MINIMALIST HYALURONIC +PGA 02% FACE SERUM 30ML,Pharma
MINIMALIST MULTI -PEPTIDES 10% FACE SERUM  30ML,Pharma
TELLZY AH (15 TAB),Pharma
KAPIVA BHRINGRAJ HAIR OIL 100ML,Pharma
NAPROSYN 250MG (10 TAB),Pharma
FEM CREAM BLEACH (8GM),Pharma
ASTHAKIND LS EXP COUGH SYRUP (100ML),Pharma
PREGEB D 50/20 CAP (10ns),Pharma
SENSODYNE COMPLETE PROTECTION (70GM),Pharma
EMAMI MALAI KESAR COLD CREAM 60ML,Pharma
NUCOXIA RELAX (10 TAB),Pharma
DYNAPAR QPS SOLUTION (30ML),Pharma
BABYHUG ALOE VERA WET WIPES 72N,Pharma
TELLZY CH 40 (15 TAB),Pharma
SOHA 0.1% E/D 5ML,Pharma
MEGAZOLID 600MG (10 TAB),Pharma
STREAX SHAMPOO HAIR COLOUR NO.3 POUCH,Pharma
PONDS BODY LOTION 275 ML,Pharma
RYZODEG PENFILL 5X3ML,Pharma
RYBELSUS ORAL USE 3MG 10TAB,Pharma
LUPRORIN DEPOT INJ 3.75MG,Pharma
ACUTRET 10MG (10 TAB),Pharma
PRAZITH 500,Pharma
Sheet Pad 140,Pharma
CIPLACTIN 4 MG (15 TAB),Pharma
GATSBY SPRAY LEVEL 4 250 ML,Pharma
BIFILAC GG (10 CAP),Pharma
STREAX PROFESSIONAL HAIR SERUM 115 ML,Pharma
WIKORYL DS SUSPENSION (60ML),Pharma
MAYBELLINE LIP BALM 4G,Pharma
GLIMCOR TRIO 2 (15 TAB),Pharma
EMOFORM R TOOTH PASTE (150GM),Pharma
KIDRICH D3 DROPS (15ML),Pharma
MINIMALIST TRANEXAMIC 03% FACE SERUM 30ML,Pharma
TYNOR WRIST SPLINT AMBIDEXTROUS (M),Pharma
V & M SYRUP (200ML),Pharma
BECOSULES PERFORMANCE (15 CAP),Pharma
CAL4U SUSPENSION (150ML),Pharma
ENTIQUITY SYRUP (150ML),Pharma
IOTIM PLUS E/D (5ML),Pharma
GARNIER SHAMPOO POUCH (RS-04),Pharma
ABSOLUT WOMAN (10 CAP),Pharma
ZOXAN D EYE/EAR DROPS (10ML),Pharma
CARDACE H 5MG (15 TAB),Pharma
COFENAC PLUS (10 TAB),Pharma
(CLOSED) CILAHEART 10MG,Pharma
GTN SORBITRATE CR 2.6MG (30 TAB),Pharma
AQUASOFT MOIST. CREAM 100GM,Pharma
ATOMUS OINT (10GM),Pharma
ELTROXIN 75 MCG (120 TAB),Pharma
INDERAL LA 20 (15 TAB),Pharma
NEBI 5MG (10 TAB),Pharma
(CLOSED) NIVEA PEARL & BEAUTY ROLL ON 50ML,Pharma
SIMCO CLASSIC HAIR FIXER 500GM( PINK),Pharma
PAMPER PANTS M15,Pharma
KAMA SUTRA DEO (SPARK) 220 ML,Pharma
HIMALAYA LUKOL (60 TAB),Pharma
BELLAVITA CEO MAN DEO,Pharma
ITROSTRED OC CREAM (15GM),Pharma
FERIUM XT SUSPENSION (200ML),Pharma
LACRIGEL OPHTHALMIC SOLUTION (5GM),Pharma
FLECARITE 50 MG,Pharma
MEDI GRIP CORN CAP,Pharma
TAMRUN 0.4 MG,Pharma
REXCOF DX COUGH SYRUP (100ML),Pharma
HIMALAYA GENTLE DAILY CARE SHAMPOO (180ML),Pharma
ORAL B BRUSH MRP 50,Pharma
ESLO 5MG (15 TAB),Pharma
GLYCINORM M 80 (15 TAB),Pharma
K BIND 15 GRM POWDER,Pharma
MYOTAN 40 MG TAB,Pharma
ZANOCIN PLUS (10 TAB),Pharma
CEPODEM 50MG SYRUP (30ML),Pharma
MOX CLAV BD 228.5 MG SUSPENSION 30 ML,Pharma
ZINC OXIDE 20 GM,Pharma
KETOFLY 200MG TAB,Pharma
GLEROL OS 200 GM,Pharma
CEFKEM DRY SYP 30ML,Pharma
MULTANI KUKA (100 TAB),Pharma
VASELINE HEALTHY BRIGHT LOTION 100ML,Pharma
TORGLIP R TAB 15N,Pharma
OLMIN TRIO (10 TAB),Pharma
SERETIDE ACCUHALER 50/250MCG,Pharma
WET E/D (10ML),Pharma
LORFAST AM (10 TAB),Pharma
DABUR HONITUS HOT SIP KADHA (7N),Pharma
DIGIHALER SF INHALER (250MCG),Pharma
GLIMISAVE MV 2 FORTE (15 TAB),Pharma
A RET GEL 0.05% (20GM),Pharma
COLGATE VISIBLE O2 50 GM,Pharma
SUNCROS 50 AQUALOTION 60 ML,Pharma
AMBI PURE CAR FRESH 75GM,Pharma
BAYER'S TONIC 250ML,Pharma
SAFE SHIELD 3PLY MASK (INDIVIDUAL PACK),Pharma
ALMEFKEM  SPAS  TAB,Pharma
HAMDARD BADAM ROGHAN OIL (100ML),Pharma
HIMALAYA CLARINA F/W (60ML),Pharma
NOBEGLAR UNO  PFS PEN 30ML,Pharma
REJOINT NEW 750/600 (15 TAB),Pharma
CAL-MD3 TAB 15NOS,Pharma
SENSIVAL 25MG (10 TAB),Pharma
SUNBLESS 60K (4CAP),Pharma
STIG MT 50/1000 (15 TAB),Pharma
CARDEXA 50MG (10TAB),Pharma
DAPANORM M10 FORTE (10 TAB),Pharma
GLUFORMIN G2 (15 TAB),Pharma
CLINGEN FORTE  (7 TAB),Pharma
(CLOSED) ENVY WOMEN JULIETTE PERFUME (120ML),Pharma
CLENSTA RED ALOE VERA F/W 100 ML,Pharma
GINETTE 35 (21 TAB),Pharma
GANS DEO (200ML),Pharma
TECZINE 10MG (15 TAB),Pharma
FEM OXY BLEACH (27GM),Pharma
LACOSET 200 TAB 10NOS,Pharma
SPASMONIL DROPS 10 ML,Pharma
ZANOCIN 200MG (10 TAB),Pharma
PAMPER PANTS L6,Pharma
PEPSODENT TOOTHPASTE (17GM),Pharma
TRIOLSAR 40MG (10 TAB),Pharma
OSMEGA 500MG (10 CAP),Pharma
ZEMPRED 4MG (10TAB),Pharma
SENSODYNE SENSITIVE BRUSH PACK 3 (MRP 130),Pharma
KAMA SUTRA DEO (URGE),Pharma
STATSET 40MG (15 TAB),Pharma
VICCO VAJRADANTI TOOTHPASTE (200GM),Pharma
ZIFI CV DRY SYRUP 50MG (30ML),Pharma
ALASPAN SYRUP (100ML),Pharma
DAPAVEL TRIO 500 (10 TAB),Pharma
FENTIN CAP,Pharma
FOLTOTAL D (10 CAP),Pharma
BAIDYANATH MAHARASNADI KADHA (450ML),Pharma
ZOCON 400MG (1 TAB),Pharma
MANFORCE EPIC CONDOM 1*10,Pharma
CENRORAB D CAP,Pharma
MANFORCE EPIC CONDOM 1*3,Pharma
BAIDYANATH KANTHSUDARAK VATTI (6GM),Pharma
DISPOVAN NEEDLE 1ML,Pharma
CRESAR AMH (10 TAB),Pharma
DAPLO M 5 (10 TAB),Pharma
3PLY FACE MASK (TIE TYPE),Pharma
MINIMALIST SALICYLIC ACID 2%FACE SERUM 30ML,Pharma
TSART B 5 (10 TAB),Pharma
DOUBLEMINT GUM STICK,Pharma
ENVY NATURAL SPRAY (60ML),Pharma
TELMIKIND H (10 TAB),Pharma
FOLLIDAN STAY ANTI DANDRUFF LOTION100ML,Pharma
MOMATE OINT (15GM),Pharma
POLYCROL SF 450ML,Pharma
DROTIN DS SYRUP (100ML),Pharma
RELENT COLD SYRUP 60 ML,Pharma
GARNIER MEN TURBO BRIGHT MOIST 20GM,Pharma
NICOTEX 4MG (12 TAB),Pharma
ABSOLUT 3G (10 CAP),Pharma
NERVMAX ACTIVE (10 CAP),Pharma
SENSUR OIL ROLL ON (10ML),Pharma
HIMALAYA DIAPER RASH CREAM (50GM),Pharma
NAPROSYN 250+ (15 TAB),Pharma
SF ADV ALL NIGHT ULTRA SOFT XXL (42 NOS),Pharma
TELVAS CT 80 (10 TAB),Pharma
FLOTRAL D (20 TAB),Pharma
EZEDOC 10MG (10 TAB),Pharma
SOTHREX TULSI COUGH SYRUP (100ML),Pharma
SITCOM FORTE (14 TAB),Pharma
COVANCE AT (10 TAB),Pharma
PEESAFE DISPOSABLE MATERNITY PAD 8NOS,Pharma
DETTOL LIQUID SOAP 900ML,Pharma
EXENA S 25/5 (10 TAB),Pharma
SOFTERON (15 CAP),Pharma
EVERYUTH NATURALS WALNUT SCRUB (100GM),Pharma
(CLOSED) COLGATE BRUSH KID,Pharma
M.POKO STD L46,Pharma
HIMALAYA NOURISHING BABY SOAP (125GM),Pharma
GARNIER SAKURA GLOW SERUM MASK,Pharma
TELPRES 20MG (15 TAB),Pharma
P-1K 300MG (15TAB),Pharma
DERMACO 2% SALICYLIC ACID FACE SERUM 30ML,Pharma
FLUTIBACT SKIN OINT (10GM),Pharma
CASTOR OIL (50ML),Pharma
GUDCEF CV 200MG (10 TAB),Pharma
ALASPAN (10 TAB),Pharma
TRESEMME SHAMPOO POUCH,Pharma
TORGLIP M SR 1000 (10 TAB),Pharma
CAZOVIL FORTE (10TAB),Pharma
LUBIMOIST E/D (10ML),Pharma
BAIDYANATH KESARI KALP CHYAWANPRASH 1KG,Pharma
OMNIPRES 20MG (10 TAB),Pharma
WHISPER ULTRA HYGIENE XL+ 30NOS,Pharma
COLGATE KIDS PASTE 80/40GM,Pharma
LISTERINE CAVITY FIGHTER M/W (250ML),Pharma
MINIMALIST  VIT.C 10% FACE SERUM 30ML,Pharma
DR PHISIO SHIATSU MASSAGER,Pharma
FARONEM CV TAB,Pharma
KESARI JIVAN 900 GM,Pharma
ISRYL M2 FORTE (15 TAB),Pharma
OLMAT 20 AM (15 TAB),Pharma
SUSTEN GEL 8.0%,Pharma
FLORITA LL (10CAP),Pharma
SOFY ANTIBACTERIA OVERNIGHT XXL (5NOS),Pharma
ORAL B SENSETAIVE,Pharma
SALBAIR-I TRANSHALER,Pharma
KOVITE ACTIVE GEL 20G,Pharma
OILATUM CREAM,Pharma
NICOTEX TRANSDERMAL PATCH (7 NOS),Pharma
KAPIVA DIA FREE JUICE 1L,Pharma
BAIDYANATH GANDHAK RASAYAN (40TAB),Pharma
BAIDYANATH RAKTA SHODHAK (50 TAB),Pharma
PAMPER PANTS NB10,Pharma
GLIPY D (15 TAB),Pharma
ALLEGRA NASAL SPRAY (6GM),Pharma
ARBITEL AM (15 TAB),Pharma
MORISONS ANTI-COLIC NIPPLE (S),Pharma
MORISONS WIDE MOUTH ANTI-C NIPPLE(S),Pharma
ACUPAT E/D (5ML),Pharma
FE DAILY (10TAB),Pharma
PAUSE MF (10TAB),Pharma
CHAPTEX LIP BALM (10GM),Pharma
EXERMET GM 502 (15 TAB),Pharma
DICLOMOL (10 TAB),Pharma
TOLPERITAS 150MG (10 TAB),Pharma
ORG IND TULSI SWEET ROSE,Pharma
HIMALAYA REFRESHING BABY SOAP (125GM),Pharma
ONDERO MET 2.5/500 (10 TAB),Pharma
ACNEMOIST CREAM (60GM),Pharma
DABUR BADAM ROGHAN OIL (50ML),Pharma
GLURA MXR 100/500 (15 TAB),Pharma
CAL 4U SACHET 1GM,Pharma
DEBRIMENT-G GEL (15GM),Pharma
PAMPER PANTS L4,Pharma
URSOCOL 150MG (15 TAB),Pharma
HIMALAYA WINTER DEFENSE MOIST CREAM (50ML),Pharma
BELLAVITA OUD WHITE DEO 150ML,Pharma
TASIRON 15 (10 TAB),Pharma
LOSAR H (15 TAB),Pharma
CHICCO BABY BODY LOTION 500ML,Pharma
MINIMALIST L-ASCORBIC ACID 08% LIP BALM (12GM),Pharma
PYX G TOOTHPASTE (100GM),Pharma
TRIGLYNASE 2MG  (10 TAB),Pharma
ORG IND TULSI GREEN TEA FAVOURITES,Pharma
BAIDYANATH ASHWAGANDHARISHTA (450ML),Pharma
I TYZA 200MG (10 CAP),Pharma
AVEENO DERMEX DAILY EMOLLIENT CREAM,Pharma
Ponds Magic Powder 20gm,Pharma
S AMLONG 2.5 (10 TAB),Pharma
DOXYPEN 100MG (10 CAP),Pharma
VSL-3 CAP.,Pharma
CLOHEX ADS MOUTHWASH (200ML),Pharma
VOZET 5MG (10 TAB),Pharma
SITACIP 100MG (10 TAB),Pharma
HAVGLO CREAM 30GM,Pharma
Z & B SOFLET (15 TAB),Pharma
8X-KT SHAMPOO (60ML),Pharma
MELACARE CREAM (25GM),Pharma
DEBISTAL GM 2 (10TAB),Pharma
PAMPER PANTS L50,Pharma
NAVRATNA OIL (300ML),Pharma
LILY CA RUBBER COMB SUPER,Pharma
MINIMALIST NIACINAMIDE 10% FACE SERUM 30ML,Pharma
EVERYUTH ALOE VERA CUCUMBER GEL (150GM),Pharma
BAIDYANATH SURAKTA SYRUP (200ML),Pharma
Comb Brb Babila 888,Pharma
LACTIHEP PLUS SYRUP (250ML),Pharma
ETOS MR  (10 TAB),Pharma
HIFENAC 100MG (10 TAB),Pharma
CROTORAX HC CREAM (10GM),Pharma
(CLOSED) HIMALAYA BERRY SHINE LIP CARE,Pharma
LITTLES BABY PANTS S 10,Pharma
AZIBACT 500MG (5TAB),Pharma
FOLIZORB (15 CAP),Pharma
O2 H ( 10 TAB),Pharma
QBICURIS-100MG ( 10 CAP),Pharma
SOTHREX PLUS COUGH SYRUP (100ML),Pharma
FLARE HEATING PAD 101,Pharma
DAROLAC SYRUP (30ML),Pharma
OROFER XT (15 TAB),Pharma
ATORVA 20MG (15 TAB),Pharma
COSVATE GM ++ CREAM (20GM),Pharma
HEAD AND SHOULDER 2 IN 1 SHAMPOO + CONDITIONER (72M,Pharma
MICRO-D3  ( 8 TAB),Pharma
FREEAIR NASAL SPRAY 6GM,Pharma
CALZAC-CT (15 CAP),Pharma
BAIDYANATH CHYAWANPRASH SPECIAL 1KG,Pharma
TOPATE 25 MG (10 TAB),Pharma
COLGATE TOOTHBRUSH MRP60/65,Pharma
AROTEAR ULTRA E/D (10ML),Pharma
MOXIVIEW -D E/D 5ML,Pharma
EVION CREAM 60GM,Pharma
MODLIP 40MG (10 TAB),Pharma
MACGESIA OIL (50ML),Pharma
AMLOZ AT (14 TAB),Pharma
SITAXA DM 1000MG (10 TAB),Pharma
TORGLIP OD 100 (10 TAB),Pharma
M.POKO EXTRA XL4,Pharma
GLOW & LOVELY SOFT CREAM (12GM),Pharma
SEBOGEL 30GM,Pharma
AMRUTANJAN PAIN BALM (YELLOW 8ML),Pharma
AUSTRIL-AZ NASAL SPRAY,Pharma
(CLOSED) NIVEA DEEP IMPACT ROLL ON 50ML,Pharma
DIGECAINE SYRUP (200ML) SF,Pharma
YELLOW GLOVES L,Pharma
PRACTIN SYRUP (200ML),Pharma
PRUVICT 2MG (10TAB),Pharma
OFLOX TZ (10 TAB),Pharma
MOMATE F CREAM (15GM),Pharma
ACE PROXYVON CR  (10 TAB),Pharma
RONEMOX YY 500MG (10 CAP),Pharma
WINOLAP MAX E/D (2.5ML),Pharma
VASELINE COCOA GLOW LOTION 400ML,Pharma
BABYHUG SOOTHING WET WIPES 72N,Pharma
TYNOR TENIS ELBOW SPORT (XL),Pharma
S CITADEP 10 (10 TAB),Pharma
CREMAGEL GEL (30GM),Pharma
BONIHEAL (20 TAB),Pharma
GATSBY HAIR GEL ( 30GM ),Pharma
FLAVEDON OD 80 MG (10TAB),Pharma
IMDUR 30MG (30 TAB),Pharma
SEBAMED EVERYDAY SHAMPOO 200 ML,Pharma
CLINGEN 3 (3 TAB),Pharma
PAMPER PANTS M22,Pharma
DR ORTHO (30 CAP),Pharma
NIFTRAN CP 100MG (30 CAP),Pharma
BISOPER 5  (10 TAB),Pharma
SOLECROSS LOTION SPF50 (50GM),Pharma
CORCIUM PLUS TAB,Pharma
BETNESOL TAB ( 20 TAB),Pharma
PIGEON SOOTHER 6+ MONTH  (M),Pharma
CANDIBIOTIC PLUS EAR DROP (5ML),Pharma
MEDLER PLUS SUSPENSION (60ML),Pharma
FYBOGEL ORANGE POWDER (100G),Pharma
STATSET-10MG (15 TAB),Pharma
KAPIVA KARELA JAMUN JUICE 1L,Pharma
NIKORAN 5MG (20 TAB),Pharma
DANFREE 2% SHAMPOO (100ML),Pharma
RAPACAN 1MG (10TAB),Pharma
TRICHUP OIL 100 ML,Pharma
PAMPER PANTS XXL14,Pharma
TIOVA INHALER,Pharma
OTADIN 5MG ( 10 TAB),Pharma
MOOV STRONG SPRAY (55GM),Pharma
PAMPER PANTS M11,Pharma
LILY CA RUBBER COMB,Pharma
STREAX SHAMPOO HAIR COLOUR N0.1 POUCH,Pharma
RAPILIF 8MG ( 15 TAB),Pharma
AIR 120MG (10 TAB),Pharma
STALIX D 10/100 MG (10 Tab),Pharma
CALCIMAX P (15 Tab),Pharma
REJOINT UC (10 Tab),Pharma
TETRAFOL PLUS (10 TAB),Pharma
AXE MINI TICKET DEO 10ML,Pharma
SITARED MD XR 1000 (7 Tab),Pharma
AquaSoft 60 ML,Pharma
COLGATE PERIOGARD TOOTHPASTE (90GM),Pharma
CILAHEART 10MG (15 TAB),Pharma
BAIDYANATH LAVAN BHASKAR CHURNA (120GM),Pharma
RISNIA MD 3 (10 TAB),Pharma
RANCIL 20 MG TAB 10 NOS,Pharma
STORVAS 10MG (10 TAB),Pharma
CTD T AM 12.5/40/5 (10 TAB),Pharma
UNIENZYME PLUS SYRUP (200ML),Pharma
AB PHYLLINE (15 CAP),Pharma
AMODEP 5,Pharma
VICKS VAPORUB (105ML),Pharma
JUPIROS 10MG (15 TAB),Pharma
DROLGAN (10 TAB),Pharma
VASELINE LIGHT HYDRATE LOTION  90 ML,Pharma
AMODEP 5MG ( 15 TAB),Pharma
GANATON 50MG (10 TAB),Pharma
WILLCART-MAX ( 10 TAB),Pharma
AXE POCKET PERFUME 17ml,Pharma
OLMECIP 40MG (10 TAB),Pharma
AQUIM T E/D 10ML,Pharma
TEMSAN AM 5 (15 TAB),Pharma
LEVOLIN PLUS COUGH SYRUP (100ML),Pharma
FLUTICONE NASAL SPRAY 12 ML,Pharma
GLIZID MR 60MG (10 TAB),Pharma
TRAJENTA DUO 2.5MG/1000MG (10 TAB),Pharma
PAMPER PANTS L20,Pharma
AMLOZ 2.5MG (30 TAB),Pharma
Q-SERA CONDITIONER 100ML,Pharma
BENADON 40MG (10 TAB),Pharma
ZEROSTAT VT SPACER,Pharma
RYBELSUS ORAL USE 7MG 10TAB,Pharma
PANTENE SHAMPOO 75ML,Pharma
WARF 5MG (15 TAB),Pharma
LABEBET 100MG (10TAB),Pharma
CORCAL D 400 (10 TAB),Pharma
ZIPRAX DT 200 (10 TAB),Pharma
CALCIJOINT D3 SHOTS (4*5ML),Pharma
SIMCO HAIR FIXER FOR MOUSTACHES 10GM,Pharma
FOLLIHAIR NEW (15 TAB),Pharma
SILODAL 4MG (10 CAP),Pharma
JOSHANDA (25GM),Pharma
TRICHUP (10 CAP),Pharma
AMROLSTAR NAIL LACQUER 2.5ML,Pharma
KESH KANTI NATURAL SHAMPOO 180ML,Pharma
EVERYUTH B.LOTION COCOA 100ML,Pharma
TYNOR HEEL CUSHION M SIZE,Pharma
PIGEON TOOTHPASTE KIDS FRUIT PUNCH (45GM),Pharma
MIRAGO 25MG (10 TAB),Pharma
TYNOR LUMBO SACRAL BELT M,Pharma
Renu MP Fresh  500ml,Pharma
CREMAFFIN FRESH 5MG (10 TAB),Pharma
KETOGATE E/D (5ML),Pharma
ACE PROXYVON SP (10 TAB),Pharma
SUPERMET XL 25MG  ( 15 TAB),Pharma
GIO EXTREME PERFUME 100ML,Pharma
DOMINA FEMALE CONDOM,Pharma
HIMALAYA COMPLETE CARE TOOTHPASTE (80GM),Pharma
OMNIGEL TUBE 15GM,Pharma
TYNOR POUCH ARM SLING XXL,Pharma
IODEX RAPID SPRAY (60GM),Pharma
LUBRIMED E/D (10ML),Pharma
MIRABIG 25MG (10 TAB),Pharma
TYNOR INSOLE FULL (M),Pharma
CHICCO NIPPLE 4+ MONTH,Pharma
BIOTIQUE BODY OIL (120ML),Pharma
BAIDYANATH MAKOI ARK (450ML),Pharma
BECOSULES SYRUP (120ML),Pharma
ARACHITOL GUMMIES 30N,Pharma
TELISTA CH 40/12.5 (10 TAB),Pharma
TELPRES TRIO (10 TAB),Pharma
OLMAT 20MG (15TAB),Pharma
OLMEZEST 40MG (10 TAB),Pharma
SEVCAR 800MG (10 TAB),Pharma
INDOCAP (10 CAP),Pharma
TELVAS AM (15 TAB),Pharma
ONE TOUCH SELECT STRIPS (25N),Pharma
PREDMET 16MG (10 TAB),Pharma
ATCHOL-F (10 TAB),Pharma
JOHNSONS BABY SHAMPOO (500ML),Pharma
ARACHITOL INJECTION 6L IU (1ML),Pharma
OSTEOCYNC (10TAB),Pharma
SUGAR FREE NATURA 200 PELLETS,Pharma
LEVOSIZ M (15 TAB),Pharma
ENO CHEWY BITES,Pharma
STATSET GOLD 20 LS (10TAB),Pharma
PATANJALI SAUMYA E/D (10ML),Pharma
OLOPAT MAX E/D (5ML),Pharma
SARTEL 40MG (15 TAB),Pharma
MINIMALIST RETINOL 01%FACE SERUM (25ML),Pharma
ACROTAC 25MG (20 CAP),Pharma
EPISOFT AC SUNSCREEN (75GM),Pharma
DAILY IRON (15 TAB),Pharma
PAMPER PANTS M42,Pharma
FLAGYL GEL (20GM),Pharma
ASTHALIN 2MG (30 TAB),Pharma
UDAPA 5MG (10 TAB),Pharma
(CLOSED)  PIGEON TOOTHPASTE KIDS STRAWBERRY (45GM),Pharma
L-SYS CREAM-30GM,Pharma
SENSODYNE MOUTHWASH (250ML),Pharma
ZAVAMET SR 500MG (10TAB),Pharma
RHINFIT NASAL DROPS (10ML),Pharma
RHINFIT-S NASAL DROPS (10ML),Pharma
CHICCO FEED BOTTLE 330ML,Pharma
TRENTAL 400MG (15 TAB),Pharma
FOURTS B DROPS (5ML),Pharma
(CLOSED )NIVEA PROTECT & CARE ROLL ON 50ML,Pharma
TRANSPORE TAPE 2INCH,Pharma
REVELOL XL 50MG (15 TAB),Pharma
MAXTRA DROPS (15ML),Pharma
NEO- MERCAZOLE 10MG (130TAB),Pharma
PAMPER PANTS L36,Pharma
SOLACID SUSPENSION (170ML) SF,Pharma
NEUTROGENA ULTRA SHEER SPF50 (80GM),Pharma
MESACOL SUPPOSITORIES (1 GM),Pharma
MOTHER CARE BABY BODY WASH 300ML,Pharma
VITAKIND I (10CAP),Pharma
(CLOSED )NIVEA FRESH POWER ROLL ON 50ML,Pharma
M.POKO EXTRA XL18,Pharma
FERTOMID 100MG (5 TAB),Pharma
TRIVOLIB FORTE 1 (10 TAB),Pharma
DABUR ARJUN CHHAL CHURNA (100GM),Pharma
TELVAS BETA 50 (10 TAB),Pharma
OZONE ALOE VERA F/W (100ML),Pharma
RYALTRIS AZ NASAL SPRAY (9.5GM),Pharma
BELLA VITA MAN DEO,Pharma
ORTHODEX (10TAB),Pharma
PAMPERS BABY DRY M20,Pharma
MEDIMIX SOAP 125GM,Pharma
SILDOO 4MG (10CAP),Pharma
TEROL LA 4MG (10CAP),Pharma
WINCOLD OXY NASAL SPRAY (10ML),Pharma
EXCERAFT SUSPENSION (150ML),Pharma
TRI-D3 NANO SHOT 4*5ML,Pharma
BILYPSA 4MG (45 TAB),Pharma
FLOKIND F (10 TAB),Pharma
BETADINE SOLUTION 10% (500ML),Pharma
PEE SAFE DISPOSABLE URINATION DEVICE,Pharma
GEOMAX 4G (10CAP),Pharma
CETJOINT K2-7 (10CAP),Pharma
SITACIP D 50/5 (10TAB),Pharma
DYTOR  INJ (2ML),Pharma
RAYSTAT N EAR DROPS (5ML),Pharma
BELLAVITA PERFUME (100ML),Pharma
LUX INTERNATIONAL SOAP (125GM),Pharma
LACTO CALAMINE LOTION PURPLE (30ML),Pharma
KESH KING OIL (50ML),Pharma
THYRONORM 112 MCG (120 TAB),Pharma
EPTUS 25MG (15TAB),Pharma
PHOSTAT (10TAB),Pharma
DIABEVIT (10CAP),Pharma
TORGLIP R (10 TAB),Pharma
NIZER GEL (30GM),Pharma
URIMAX D (30TAB),Pharma
MARTIFUR MR 50 (10 TAB),Pharma
CRANPAC-D (10TAB),Pharma
BAIDYANATH MANMATH RAS (40TAB),Pharma
SESDERMA RETIAGE CREAM (50ML),Pharma
SPER SUNSCREEN LOTION SPF 40 (100ML),Pharma
OLOX 200MG  (10 TAB),Pharma
ISTAVEL 50MG (10 TAB),Pharma
ZANDU BRENTO (30 TAB),Pharma
DELETUS PEARLS (10 CAP),Pharma
ZANDU ROLL-ON  9ML,Pharma
SOFTOLAX POWDER (100G),Pharma
SHAMPOO MD LO 250ML,Pharma
LOTUS SPF50 (15GM),Pharma
FAS 3 KIT (4TAB),Pharma
LOBUN FORTE (10 CAP),Pharma
LACTOGEN PRO NO.1,Pharma
SESDERMA C VIT SERUM (30 ML),Pharma
HEALTH OK (10 TAB),Pharma
BAIDYANATH PATHREENA (50 TAB),Pharma
CORIMINIC SYRUP (60ML),Pharma
AZEE DRY SYRUP 200MG (15ML),Pharma
SUGAR POP LIP GLOSS,Pharma
PREDMET 8MG ( 15 TAB),Pharma
CLEAN AND DRY FOAM WASH (85GM),Pharma
DONEP 5MG (15TAB),Pharma
CIPLOX OZ (10 TAB),Pharma
HAIR DYE BRUSH,Pharma
LOTUS SPF50 (100GM),Pharma
LULIFIN CREAM (50GM),Pharma
ENVY TRANCE DEO (130ML),Pharma
GLIMY MV2 (10TAB),Pharma
OXRA S 10/100 (15 TAB),Pharma
NEXPRO FAST 40  (10 CAP),Pharma
ZONBAN SUNSCREEN GEL SPF50 (50GM),Pharma
LANTUS SOLOSTAR PEN 100IU/ML,Pharma
SUGAR POP CHARCOAL CLAY MASK,Pharma
BACLOF 10MG (10TAB),Pharma
SKINTEL GEL (20GM),Pharma
AQUASOFT ADVANCED HYDRATION DAY CREAM (75GM),Pharma
CARE NGT-2.6MG (30TAB),Pharma
METHYCOBAL- D ( 10TAB),Pharma
PIGEON PP BOTTLE 0+ MONTH  120ML,Pharma
COZYMIN PLUS (15 TAB),Pharma
ELMOX CV 1000MG (4TAB),Pharma
NATURES HAIR REMOVAL CREAM (50GM),Pharma
TELBID AM (15 TAB),Pharma
RANTAC SYRUP (200ML) SF,Pharma
GELUSIL SYRUP XTRA COOL (200ML) SF,Pharma
FURR FACE RAZOR 2NOS,Pharma
(Closed) GLIMY 1MG (14 TAB),Pharma
DABUR HINGWASHTAK CHURNA (60GM),Pharma
DERMACO 1% SALICYLIC ACID FACE WASH (100ML),Pharma
TOOTHMIN PASTE (70GM),Pharma
WHISPER BINDAZZ NIGHTS XXXL 20NOS,Pharma
STORVAS 10MG ( 15 TAB),Pharma
CERUVIN 75MG (15 TAB),Pharma
ITROMED 200MG (10 CAP),Pharma
VOLINI MAXX SPRAY (55GM),Pharma
PICLIN PLUS SYRUP (200ML),Pharma
URILOSIN 0.4 (15 CAP),Pharma
BAJAJ ALMOND HAIR OIL (35ML),Pharma
DYNAPAR QPS PLUS SOLUTION (30ML),Pharma
LOOKBRITE CREAM (20GM),Pharma
MOTHER CARE BABY CREAM (100GM),Pharma
TELISTA 20MG (15 TAB),Pharma
OSMODROPS E/D (10ML),Pharma
SOFTVISC E/D (10ML),Pharma
GILLETTE MACH 3 BLADE 4NOS,Pharma
EXCELA RICH LOTION 50 GM,Pharma
MUCINAC 200MG (10 TAB),Pharma
TYNOR HEEL CUSHION XL SIZE,Pharma
BETHADOXIN P SUSPENSION (100ML),Pharma
AROGAT-P E/D (5ML),Pharma
COLIMEX (10 TAB),Pharma
DABUR SAT ISABGOL 180GM,Pharma
MAXGALIN 75MG (10 CAP),Pharma
OLMEZEST CH 40 (10 TAB),Pharma
ALLSUTH LOTION (100ML),Pharma
ZATHRIN 500MG (5 TAB),Pharma
HORLICKS CHOCO (75GM),Pharma
M.POKO EXTRA CLEAN WIPES 24N,Pharma
OXYVEDA ROSE WATER (100ML),Pharma
CROCIN LOZENGES (10TAB),Pharma
DEPIWHITE CREAM (15ML),Pharma
RHINOSET-S NASAL SPRAY (10ML),Pharma
PAMPER PANTS L48,Pharma
DUREX REAL FEEL 1*10,Pharma
DILVAS  2.5 MG,Pharma
SEMI-AMARYL 0.5MG (30TAB),Pharma
RANITIN INJECTION (2ML),Pharma
ALDACTONE 50MG (15 TAB),Pharma
KANTHSUDHARAK VATTI (10GM),Pharma
BETACARD AM (15 TAB),Pharma
MINOKEM 5% SOLUTION (60ML),Pharma
VENUS COMFORTGLIDE BLADE,Pharma
GLIMCOR M 1 (10 TAB),Pharma
PROTERA I ( 10 CAP),Pharma
REESHAPE 60MG (15 CAP),Pharma
SITAXA D 10/100MG (10 TAB),Pharma
NADOXIN PLUS CREAM ( 10GM ),Pharma
FINALO (10TAB),Pharma
CTD T 12.5/40 (15 TAB),Pharma
ORG IND TULSI GREEN TEA ASHWAGANDHA,Pharma
DERMACO 1% HYALURONIC SS AQUAGEL SPF50 (50GM),Pharma
SUCRAFIL SUSPENSION (200ML),Pharma
CLEAN AND DRY POWDER (100GM),Pharma
SAAZ DS (10 TAB),Pharma
AMRUTANJAN STRONG BALM (GREEN 8ML),Pharma
ALEX L COUGH SYRUP SF (100ML),Pharma
OSTEOVIN FORTE (15 CAP),Pharma
LAKME PEACH MILK MOISTURISER (120ML),Pharma
LOBG G1 (10 Tab),Pharma
LAKME LIP BALM (4.5GM),Pharma
PROTINEX DIABETES CARE VANILLA POWDER (400GM),Pharma
M.POKO STD NB1,Pharma
MOIZ LMF48 LOTION  (75ML),Pharma
ISTAMET G IR 50/1000/1 (10 TAB),Pharma
BLUE HEAVEN  LIP BALM ( 2GM ),Pharma
HIMALAYA ANTI HAIR FALL SHAMPOO (80ML),Pharma
CLANDEN DENTURE PASTE (80GM),Pharma
EVITAS (10 CAP),Pharma
ACIVIR 400MG DT (10TAB),Pharma
SENSODYNE WHITENING PASTE (70GM),Pharma
WALKER,Pharma
DR JRK'S 777 OIL (100ML),Pharma
AZELDIP 8MG (10 TAB),Pharma
TRAVISIGHT E/D (3ML),Pharma
TELRING 40MG (15 TAB),Pharma
SELSUN S (SHAMPOO + CONDITIONER 120ML),Pharma
OKACET SYRUP (30ML),Pharma
NOXIN GEL (10GM),Pharma
ACNESOL A GEL (15GM),Pharma
GLYCIPHAGE 500MG (20 TAB),Pharma
TELLZY CH 6.25 (15 TAB),Pharma
ATCHOL 10 MG ( 15 TAB),Pharma
TYNOR ELBOW SUPPORT  M,Pharma
PONDS DETAN F/W (100GM),Pharma
CIPMOL 500MG (10 TAB),Pharma
TRENAXA 500MG (10TAB),Pharma
AMLONG 5MG (30TAB),Pharma
CILACAR M 10/50 (10 TAB),Pharma
VINODINE SPRAY (75GM),Pharma
TELISTA H (15 TAB),Pharma
AEROCORT FORTE ROTACAPS (30 CAP),Pharma
ORTHOSENZ OINTMENT (30GM),Pharma
AHAGLOW GENTLE SKIN CLEANSER (125ML),Pharma
WHITE TONE FACE CREAM 50GM,Pharma
Uprise D3 1K (15 CAP),Pharma
GARNIER COLOR NO. 5,Pharma
ZANDU FAST RELIEF GEL (5ML),Pharma
L PRED E/D (5ML),Pharma
NEWTEL H 40 (10 TAB),Pharma
LA SHIELD INTENSE BODY LOTION 100GM,Pharma
PEROBAR 5% SOAP 75GM,Pharma
AQUASOFT FC ADVANED FACIAL CREAM ( 60ML),Pharma
CYCLISIS PF E/D (5ML),Pharma
KAILAS JEEVAN CREAM (120GM),Pharma
BIOTIQUE MOISTURIZER LOTION (120ML),Pharma
Bio True Lens Solution 300ml,Pharma
SENSODYNE BRUSH MRP 80,Pharma
YASMIN (21 TAB),Pharma
STAMLO BETA (15 TAB),Pharma
KESH KANTI ANTI DANDRUFF SHAMPOO (180ML),Pharma
NMF E LIPCARE 10GM,Pharma
RISOFOS 150MG (1 TAB),Pharma
ROZUCOR 40MG (10 TAB),Pharma
TELBID MT 50MG (15 TAB),Pharma
VERIFICA M OD 500 (10 TAB),Pharma
LAKME FACE SERUM (15GM),Pharma
DFO RED GEL (30GM),Pharma
OSMEGA 300MG (10 CAP),Pharma
OB TAMPON REGULAR  20 NOS BLOSSOM,Pharma
DIAMOX ER 500 (15 CAP),Pharma
RAMISTAR 5MG (15 TAB),Pharma
GLIMIPREX MF 1/500MG (15TAB),Pharma
ACNE UV GEL SPF 50 (100GM),Pharma
MINIMALIST MALEIC BOND REPAIR COMPLEX 5% HAIR SERUM,Pharma
DUOLIN LD RESPULES (2.5ML),Pharma
MIXTARD 30HM PENFILL,Pharma
ZEPTOL CR 400 (10 TAB),Pharma
CINTAPRO (10 TAB),Pharma
BETASALIC OINTMENT (20GM),Pharma
VANTEJ AQUA MOUTHWASH (100ML),Pharma
COTTON 35 GM,Pharma
WEIGHING SCALE,Pharma
VOLINI MAXX GEL (30GM),Pharma
DEZOFLAV 900/100MG (10 TAB),Pharma
JOHNSONS BABY LOTION (500ML),Pharma
RYBELSUS ORAL USE 14MG 10TAB,Pharma
TAYO TOTAL (10 TAB),Pharma
CUTIYT G12 LOTION (50 ML),Pharma
TORVOX 20MG (10 TAB),Pharma
HIMALAYA GENTLE DAILY CARE SHAMPOO (80ML),Pharma
DOBESIL 500MG (10 CAP),Pharma
JANUVIA 25MG (7 TAB),Pharma
CETAPHIL GENTLE SKIN CLS. (1000ML),Pharma
HIMALAYA EVECARE FORTE SYRUP (200ML),Pharma
KAPIVA SHILAJIT GOLD RASIN (20GM),Pharma
THYROUP 150 MCG (120 TAB),Pharma
THYROUP 25 MCG (120 TAB),Pharma
SUNBLESS SPF 50 GEL (60G),Pharma
SIMILAC ADVANCE 3 STAGE 400GM,Pharma
CETJOINT K2-7 (15 CAP),Pharma
TELBID TRIO 80 (15 TAB),Pharma
MATILDA AF (10 CAP),Pharma
EXERMET GM 501 (15 TAB),Pharma
BAIDYANATH ASHOKARISHTA (450ML),Pharma
MUGLI GHUTTI 555 (100ML),Pharma
DILNIP TRIO 6.25 (10 TAB),Pharma
BELAR (10 TAB),Pharma
LUX BODY WASH (245ML),Pharma
LINARES 5MG (10 TAB),Pharma
UDITEC 300MG (10 TAB),Pharma
DABUR AMRITARISHTA (450ML),Pharma
ADVAFOL (10 TAB),Pharma
TAMDOSIN 0.4MG (15 TAB),Pharma
NULONG-T (15 TAB),Pharma
GARNIER BRIGHT VIT C SERUM GEL 23GM,Pharma
DERMACO 2% KOJIC ACID FACE SERUM(30ML),Pharma
GOOD KNIGHT AGGARBATTI,Pharma
CANDIFORCE 100MG (10CAP),Pharma
PHOTOSTABLE GOLD SUNSCREENGEL SPF55 (50GM),Pharma
LAKME 9 TO 5 LIGHT SUNSCREEN GEL SPF50 (50GM),Pharma
BIOTIQUE FACE WASH (100ML),Pharma
PAMPER ACTIVE BABY M62,Pharma
RAZO L (10 CAP),Pharma
WARF 3MG (30 TAB),Pharma
DABUR PUNARNAVADYARISHTA (450ML),Pharma
DIPROBATE PLUS CREAM (30GM),Pharma
ZEFORMIN XR 30 (10 TAB),Pharma
MECONERV FORTE (15 CAP),Pharma
TAZLOC BETA 25 (10 TAB),Pharma
JANUMET XR CP 100/1000MG (7 TAB),Pharma
CARMEST FACIAL RAZOR (3NOS),Pharma
HIMALAYA PUREHANDS HAND SANITIZER (100ML),Pharma
AMLONG -H (15 TAB),Pharma
VICCO VAJRADANTI POWDER (100GM),Pharma
TREHASOFT E/D (10ML),Pharma
DUREX VIBRATION RING,Pharma
CYCLOGYL EYE DROP (5ML),Pharma
TERBEST CREAM (15GM),Pharma
PRACTIN 4MG (15 TAB),Pharma
T-MUCE OINT (15GM),Pharma
DABUR AMLA HAIR OIL (90ML),Pharma
FORACORT INHALER (100MCG),Pharma
STIM PROBIOTIC TOOTHPASTE (80GM),Pharma
MOREASE SR (10 TAB),Pharma
CALCIGEN D3 NANO SHOT 4*5ML,Pharma
STIM INTERDENTAL REFILLS,Pharma
HIMALAYA PUREHANDS HAND SANITIZER (500ML),Pharma
NEXOVAS BETA (10 TAB),Pharma
MINIMALIST INVISIBLE SUNSCREEN SPF40 (50GM),Pharma
NAPROSYN 500+ (15 TAB),Pharma
EKRAN SOFT SUNSCREEN GEL SPF50 (50GM),Pharma
GILLETTE MACH 3 TURBO COMFORT,Pharma
TELBID 40MG (15 TAB),Pharma
TELBID 20MG (15 TAB),Pharma
KZ CREAM (30GM),Pharma
SUGARFREE GOLD POWDER 100GM,Pharma
UDAPA -S 10/100 (10 TAB),Pharma
DIANORM -M OD 1000MG (15 TAB),Pharma
PANTENE SHAMPOO 180ML,Pharma
FOSFOCIN 3MG SACHET (8GM),Pharma
GLIMESTAR M1 (10 TAB),Pharma
TELGARD 40MG (10 TAB),Pharma
BETRECEP 5MG (56 TAB),Pharma
METSMALL 500MG (30TAB),Pharma
FELICITA -OD (10 CAP),Pharma
SITAXA DM 500MG (10 TAB),Pharma
DOVE HAIR CONDITIONER (80ML),Pharma
LACRYL FORTE E/D (10ML),Pharma
FEM DE-TAN CREAM BLEACH ( 10GM ),Pharma
TELEKAST A (10 TAB),Pharma
PREGOL-NT PLUS (10 TAB),Pharma
TELBID TRIO 40 (15 TAB),Pharma
CETAPHIL BRIGHT HEALTHY RADIANCE DAY CREAM 50GM,Pharma
MINIMALIST VITAMIN B5 MOISTURIZER 50G,Pharma
COLGATE STRONG TEETH TOOTHPASTE (200GM),Pharma
DENVER PERFUME (30ML),Pharma
SIGNOFLAM TH 4 (10 TAB),Pharma
CHICCO BABY RICH CREAM 100GM,Pharma
TENDOCARE (15 TAB),Pharma
LYSER D NANOTECH GEL (30GM),Pharma
ORAL B WAXED DENTAL FLOSS (50MT),Pharma
MINI CHECK F 5% (60ML),Pharma
GLIMCOR M 1 (15 TAB),Pharma
ZIMBA CREAM (10GM),Pharma
MONTEK LC (15TAB),Pharma
CIDMUS 100MG (14 TAB),Pharma
MIRAGO 50 (10 Tab),Pharma
ESCUTIC (10 TAB),Pharma
TEAR DROPS GEL E/D (10ML),Pharma
GLYCOMET TRIO 2/0.3 (10 TAB),Pharma
TACROZ 0.03% OINT (20GM),Pharma
LODOZ 5MG (10 TAB),Pharma
LETOVAL 2.5MG (5 TAB),Pharma
APEXITRA 200MG (10 CAP),Pharma
XYLOCAINE 5% OINTMENT (50GM),Pharma
SOFY PANTYLINER DAILY FRESH (20NOS),Pharma
VOLITRA APS SOLUTION (30ML),Pharma
LIMCEE ACTIVE (15 TAB),Pharma
IPRAVENT ROTACAP (30 CAP.),Pharma
EZACT 60MG (10 TAB),Pharma
GOODKNIGHT COMBI PACK,Pharma
TELSAR CH 40/12.5 (10 TAB),Pharma
NIVEA ROLL ON (50ML),Pharma
CETANIL -T (10TAB),Pharma
DAPABITE M 5/500 (10 TAB),Pharma
AQUALUBE E/D (10ML),Pharma
COLICAID EZ DROPS,Pharma
3M OPTICLUDE EYE PATCH (20NOS),Pharma
FLUTICONE OX NASAL SPRAY (7GM),Pharma
CLOHEX MOUTHWASH (150ML),Pharma
SUGAR POP NAIL REMOVER,Pharma
ENSURE DIABETES CARE VANILLA (400GM),Pharma
IMEXTOR 500MG (10 TAB),Pharma
CLEAN & CLEAR LEMON F/W 150 ML,Pharma
TALIMUS OINTMENT (5GM),Pharma
HAJMOLA SHISHI MR AAM,Pharma
MAHAFLOX KT E/D (5ML),Pharma
AGINAL AT (15 TAB),Pharma
PROTAR OINT (50GM),Pharma
CTD-MT 12.5/50/40 (10 TAB),Pharma
ENFAMIL STAGE 3,Pharma
GILLETTE SHAVE BRUSH,Pharma
EVITOL (15 CAP),Pharma
LYVELSA 10MG ( 14 TAB),Pharma
SIZODON 1MG (10 TAB),Pharma
VALDIFF 50MG (15 TAB),Pharma
HUGGIES WONDER PANTS M 34,Pharma
SYSTANE COMPLETE E/D (10ML),Pharma
WHITE TONE FACE POWDER (50GM),Pharma
METROGYL M OINT (5GM),Pharma
MEGAHEAL GEL (15GM),Pharma
HIMALAYA NATURAL GLOW ROSE F/W (100ML),Pharma
KZ SOAP (75GM),Pharma
Boston Simplus Lens Solution 105ml,Pharma
FOURTS B DROPS (15ML),Pharma
LOTEL LS GEL (5ML),Pharma
LAKME CC CREAM (30GM),Pharma
TELWAKE 40MG (15 TAB),Pharma
GLIMY M 1 FORTE (10 TAB),Pharma
HILIN ACE (10 TAB),Pharma
OLEPTAL OD 450MG (10 TAB),Pharma
BABYHUG MOSQUITO BODY ROLL-ON 40 ML,Pharma
AMMY SANITARY PAD XXL 6NOS,Pharma
VIZYLAC RICH (10 CAP),Pharma
DYDROGEST-ER 20MG (10 TAB),Pharma
RAMISTAR M XL 50 (10 TAB),Pharma
GIBTULIO MET 12.5/500MG (10 TAB),Pharma
OSIL CREAM (30GM),Pharma
HIMALAYA TAN REMOVAL F/W (100ML),Pharma
ROSUMAC GOLD 20 (10 CAP),Pharma
OLMEZEST AM 40 (10 TAB),Pharma
AVAS 40MG (10 TAB),Pharma
SUPRADYN DAILY (60 TAB),Pharma
HCQS 300MG (15 TAB),Pharma
AMITOP 10MG (10 TAB),Pharma
VOMILAST (30 TAB),Pharma
LIVEASY COTTON BUDS (200N),Pharma
MINIMALIST PENTA CERA 1% MOISTURIZER CREAM  50GM,Pharma
MELABEST CREAM (15GM ),Pharma
MORISONS FEEDING BOTTLE GLASS 250ML,Pharma
CORECTIA (10 TAB),Pharma
BIO OIL 25ML,Pharma
GLISEN MF 2 (15 TAB),Pharma
GODREJ CREME D BROWN NO 4.06,Pharma
BOROLINE SUTHOL LIQUID (200ML),Pharma
KOKILA MEHANDI 500 GM,Pharma
CURKEY SYRUP (60ML),Pharma
CHICCO ANTI-COLIC NIPPLE 4+ MONTH (2PCS),Pharma
THREPTIN DISKETTES (1000GM),Pharma
CALAPTIN 80MG (30 TAB),Pharma
GOODNIGHT REFIL,Pharma
TRUFOL (30 TAB),Pharma
OVABLESS MYO (10 TAB),Pharma
MORISONS ANTI-COLIC NIPPLE (L),Pharma
TORSIBID PLUS 10 LS (15 TAB),Pharma
PIROX DT (10TAB),Pharma
BETNOVATE -S CREAM (20GM),Pharma
NODOSIS 500MG (10 TAB),Pharma
GODREJ AIR POCKET,Pharma
HAMDARD JAWARISH KAMUNI (150GM),Pharma
TELVAS AM 80/5 (10 TAB),Pharma
MORISONS FEEDING BOTTLE GLASS 125ML,Pharma
TELVIN 40MG (10 TAB),Pharma
NURODAY D3 (15 TAB),Pharma
MONTAIR 5MG (15 TAB),Pharma
ICPA KIDS DYNY BRUSH,Pharma
SUMASELF NASAL SPRAY (1ML),Pharma
CINTHOL SOAP (100GM) SET OF (4+1),Pharma
TEMSAN 40MG (15 TAB),Pharma
CTD O 6.25/40 (10 TAB),Pharma
J&J BABY CARE KIT 500/-,Pharma
FEM DE-TAN CREAM BLEACH ( 30GM ),Pharma
AZTOR 10MG TAB 10NOS,Pharma
CLAVIX GOLD 20MG (15 TAB),Pharma
OLMY 20MG (10 TAB),Pharma
RUTOFINE D (10 TAB),Pharma
PEGFIBER POWDER,Pharma
ORS PROLYTE LEMON (200ML),Pharma
DERMACO 10% VITAMIN C FACE SERUM (10ML),Pharma
CREMAPIL PLUS SUSPENSION (170ML) SF,Pharma
FARONEM ER (10 TAB),Pharma
VIAGRA 50MG TAB 2NOS,Pharma
DARTMET 500MG,Pharma
JUSTOZA M 10/500 (15 TAB),Pharma
BLUE HEAVEN MICELLAR CLEANSING WATER 125ml,Pharma
NIFTAS 100MG (15 TAB),Pharma
DR. JRK' S 777 OIL (200ML),Pharma
LEVERA 250MG (15 TAB),Pharma
ACTRAPID PREFILLED FLEXPEN 100IU/ML (ML),Pharma
DILNIP M 50 (10 TAB),Pharma
FAIR & HANDSOME RADIANCE F/W 50GM,Pharma
NAPRA D 500MG (10 TAB),Pharma
FLURISONE T E/D (5ML),Pharma
TREHALUBE E/D (5ML),Pharma
FOLINEXT D (15 CAP),Pharma
PONDS SUPER LIGHT GEL 12ML,Pharma
BUSCOGAST PLUS (10 TAB),Pharma
TYNOR CERVICAL COLLAR SOFT (L),Pharma
WHISPER BINDAZ NIGHTS KOLA SOFT XXL+ 5 PCS,Pharma
CYP L DROPS (15ML),Pharma
EIDO FE (10 TAB),Pharma
MINIMALIST ROLL ON 6% 40ML,Pharma
CILACAR 20MG (10 TAB),Pharma
CANDITRAL 200MG (10 CAP),Pharma
FUSIWAL M CREAM (10GM),Pharma
GLIMCOR -M4 FORTE (15 TAB),Pharma
RESNER PLUS (10 TAB),Pharma
VASOCARE JELLY (50ML),Pharma
OLMESAR H (15 TAB),Pharma
TACROZ FORTE 0.1% OINT (20GM),Pharma
TUGAIN SOLUTION 5% (60ML),Pharma
MINTOP FORTE SOLUTION 10% (60ML),Pharma
APIXAPIL 5MG (10 TAB),Pharma
NUBY NAIL CARE SET 0+ MONTH,Pharma
BIFILAC DRY SYRUP (50ML),Pharma
ONDEM 4MG (10 TAB),Pharma
OLMIGHTY 20 H (10 TAB),Pharma
PATE SAFA GRANULES (60GM),Pharma
COMBIDEX EYE OINT (5GM),Pharma
RICONIA SILVER LP (15 TAB),Pharma
FERTISURE F (10 TAB),Pharma
M EARTH CHARCOAL FACE SCRUB (100GM),Pharma
HIMALAYA FACE PACK (50GM),Pharma
PONDS NATURAL GLOW FACE POWDER (30GM),Pharma
AMTAS M-25MG (15 TAB),Pharma
METOPAR (15 TAB),Pharma
NEBICARD LN 5 (10 TAB),Pharma
THERMOSEAL BRUSH MRP 29,Pharma
STALIX M 50/1000 (15 TAB),Pharma
SKINCAP HYDRATING SUNSCREEN (60GM),Pharma
SEBAMED CLENSING SHOWER OIL (200ML),Pharma
LAKME FACE SERUM (7ML),Pharma
SCABIPIL PLUS LOTION 100 ML,Pharma
HIMALAYA PILEX FORTE (30 TAB),Pharma
TELPAR 20MG (10 TAB),Pharma
BAIDYANATH AMRITARISHTA (450ML),Pharma
DETTOL WASHPROOF BAND AID,Pharma
POLYDEX E/D (5 ML),Pharma
FORCAN 150MG (4TAB),Pharma
MOXCLAV DROPS (10ML),Pharma
CYPON SYRUP (200ML),Pharma
DINCERIN C2 PLUS SOFTGEL (10 CAP),Pharma
OLMEZEST BETA 50 (10 TAB),Pharma
DILZEM CD 120 (10 TAB),Pharma
TULIP FACIAL TISSUE (100 NOS),Pharma
REJUNEX CD3 NF (10 TAB),Pharma
TULIP PAPER EAR BUDS  (100 NOS),Pharma
HK VITALS GLUTATHIONE (30 TAB),Pharma
LOTUS WHITEGLOW SERUM + MOIST 30ML,Pharma
LINVAS 4MG (10 TAB),Pharma
FLOGEL HYDRA E/D (10ML),Pharma
MOVICOL SACHET (13.81GM),Pharma
CONCOR COR 1.25 (10 TAB),Pharma
RCIFAX 550MG (10 TAB),Pharma
5 FOL (60 TAB),Pharma
BILAZAP (10 TAB),Pharma
VERTIN 24MG (15 TAB),Pharma
CILACAR 5MG (15 TAB),Pharma
HIMALAYA FACE WASH (50ML),Pharma
PHOTOSTABLE ACNE SPF 55 SUNSCREEN (50GM),Pharma
CWIN CREAM (60GM),Pharma
TELVAS LN 40 (10 TAB),Pharma
VOLTIDO 200/25 ROTACAP,Pharma
PAMPER PANTS L9,Pharma
BRILINTA 60MG (14 TAB),Pharma
SHELCAL JOINTS (10 TAB),Pharma
GILLETTE FUSION 5 BLADE 4NOS,Pharma
DEPLATT A 75 (15 TAB),Pharma
CORDARONE X (15 TAB),Pharma
MEDICAT EYE DROPS (10ML),Pharma
PIOZ 30MG (10 TAB),Pharma
ORNIDA 500MG (10 TAB),Pharma
ONABET-B CREAM (15GM),Pharma
Renu MP Fresh  60ml,Pharma
VILDADER 50MG (15 TAB),Pharma
ORAL B TOOTH BRUSH 60RS,Pharma
SITACIP DM 100/10/1000 (10 TAB),Pharma
GABAPIN ME 100 (15 TAB),Pharma
GLIMY 1MG (15 TAB),Pharma
CROMAL FORTE (5ML),Pharma
CYBLEX M 80 (15 TAB),Pharma
ASTIN 40MG (10 TAB),Pharma
METROGYL-M OINTMENT (15GM),Pharma
KAPIVA APPLE CIDER VINEGAR (500ML),Pharma
BEPLEX FORTE (20 TAB),Pharma
SITAXA M XR 100/500 (10 TAB),Pharma
CALPOL SUSPENSION 120MG (60ML),Pharma
CERELAC NO10 WHEAT HONEY DATES,Pharma
EXAMINATION GLOVES L,Pharma
ROZAVEL 20MG (10 TAB),Pharma
SITAXA M 50/500 (15 TAB),Pharma
CONCOR T 2.5MG (10 TAB),Pharma
PROHANCE JUNIOR CHOCO POWDER (200GM),Pharma
RELENT PLUS SYRUP (60ML),Pharma
GP 0.5MG (10 TAB),Pharma
VIBY SACHET (10 GM),Pharma
CORCAL 500MG (10 TAB),Pharma
CILNY M 25 (10 TAB),Pharma
NORFLOX EYE/EAR DROP (10ML),Pharma
BUDAMATE TRANSCAPS 200 (30 CAP),Pharma
KENACORT 4MG (15 TAB),Pharma
XYZAL SYRUP (60ML),Pharma
ACCU CHEK INSTANT S KIT,Pharma
ORAL B ELECTRICAL BRUSH,Pharma
ORAL B ELECTRIC BRUSH REFILS,Pharma
KERABLAK 200MG  (10 TAB),Pharma
DAPALEX S 10/100 (10 TAB),Pharma
ALLSTAR REUSABLE INSULIN PEN,Pharma
NOVOPEN 4,Pharma
JUPIROS 5MG (15 TAB),Pharma
PARACHUTE ONION HAIR OIL (90ML),Pharma
CETAPHIL SUN SPF 30 GEL (100 ML),Pharma
SILK TEAR E/D (10ML),Pharma
HIMALAYA EVECARE SYRUP (200ML),Pharma
OBRIL GOLD SKIN SERUM (30ML),Pharma
ACNE DERMA FOAM F/W (150ML),Pharma
LUREGLO GOLD CREAM (50GM),Pharma
SALYTAR WS OINTMENT( 30GM),Pharma
LOTUS NEEM F/W 80 GM,Pharma
EMESET MD 4MG (10 TAB),Pharma
NAN ECCELLAPRO NO 1 TIN 400GM,Pharma
DAPAMAC 10MG (10 TAB),Pharma
MOTHER CARE BABY BUBBLE BATH 300ML,Pharma
JOHNSONS MILK+RICE CREAM (30GM),Pharma
VENUSMIN 300 MG (15 TAB),Pharma
CALVILAC 500 MG (60 TAB),Pharma
GLYCIPHAGE VG2 (10 TAB),Pharma
THERMOSEAL ULTRASOFT BRUSH MRP 43,Pharma
C NAC E/D (10ML),Pharma
DILZEM 60MG (15 TAB),Pharma
ARBIVIT-3 SYRUP (60ML),Pharma
CORCIUM XT (15 TAB),Pharma
LUPIHEME (10 TAB),Pharma
HEAD AND SHOULDER 2 IN1 SHAMPOO + CONDITINER (180ML,Pharma
LACTARE GRANULES (250GM),Pharma
ASCORIL LS DROPS (15ML),Pharma
OILATUM LOTION (100ML),Pharma
OLMEZEST AM 20MG (10 TAB),Pharma
BAIDYANATH TRIPHLA CHURAN (50GM),Pharma
AQUAZIDE 12.5 MG (10 TAB),Pharma
GLIMY 2MG (15 TAB),Pharma
DEYS MILK OF MAGNESIA (170ML),Pharma
BETACAP PLUS 10 (10 TAB),Pharma
SAZO 500MG (15 TAB),Pharma
GILLETTE GUARD 3 RAZOR,Pharma
DIPROBATE G PLUS CREAM (30GM),Pharma
REGESTERONE CR 10 (10 TAB),Pharma
MACBERY PD SYRUP (60ML),Pharma
LUZALIC CREAM (50GM),Pharma
HIMALAYA UNDER EYE CREAM (15ML),Pharma
LEVAZEO 25MG (10 TAB),Pharma
CADIFAST Q10 (10 TAB),Pharma
LULICAN CREAM (30GM),Pharma
VOLIX TRIO 2 (15 TAB),Pharma
ONTEARS E/D (15ML),Pharma
L SYS LOTION (60ML),Pharma
ZEVERT MD 24 (15 TAB),Pharma
TELSAR BETA 50MG (15 TAB),Pharma
IRONERGY (10 TAB),Pharma
DRIVE QLC (10 TAB),Pharma
ANGIBETA 50 XL (10 TAB),Pharma
TELRING 20MG (15 TAB),Pharma
HIMALAYA NEEM FOAMING F/W (150ML),Pharma
LINAXA D 5/10 (10 TAB),Pharma
AERODIL SYRUP (100ML),Pharma
DEBRIDACE CREAM (15GM),Pharma
M.POKO EXTRA L36,Pharma
LOREAL COLOR PROTECT CONDITIONER (192.5ML),Pharma
AZTOR 10MG (15 TAB),Pharma
PIGEON PP BOTTLE 4+ MONTH 200ML,Pharma
OMEGASITE (10 CAP),Pharma
TOPISAL MF 6% OINMENT (30GM),Pharma
HIMALAYA  OIL CLEAR F/W (100ML),Pharma
ROSULIP ASP 75 (10 TAB),Pharma
Renu MP Fresh  120ml,Pharma
BIOTIQUE BODY WASH (200ML),Pharma
ROTATEQ ORAL SOL (2ML),Pharma
PREVENAR -13 INJECTION,Pharma
HEXAXIM INJECTION,Pharma
CREMA ANO CREAM (20GM),Pharma
IREX (15 TAB),Pharma
OPTIMOIST EYE GEL (10GM),Pharma
TELMA CT 80/6.25 (15 TAB),Pharma
CETAPHIL MOISTURISER LOTION 250  ML,Pharma
ANABOOM SHAMPOO (100ML),Pharma
LOTUS YOUTH RX FIRM & BRIGHT F/W 100ml,Pharma
METROGYL 400MG (20 TAB),Pharma
HIMALAYA NATURAL GLOW KESAR F/W (100ML),Pharma
EBAST 10MG (15 TAB),Pharma
PANLIPASE 25000 (10 CAP),Pharma
LUPI-HA 0.1% E/D (10ML),Pharma
VILDEP M FORTE 50/1000 (15 TAB),Pharma
OMNIGEL SPRAY (55GM),Pharma
PREGARD-M 75 (10 TAB),Pharma
ROTHCARB 50MG (10 TAB),Pharma
OMRON B.P MONITOR HEM-7141T1,Pharma
CILNEP 10 MG,Pharma
DOVE SOAP (125GM),Pharma
HIMALAYA NATURAL GLOW  ROSE F/W (50ML),Pharma
NASIVION BABY NASAL DROPS UP TO 1 YEAR (10ML),Pharma
HAND SANITIZER 5 LTR,Pharma
ACTOID 25 MG (10 CAP),Pharma
CYRA IT (10 CAP),Pharma
FREEDASE 30MG (21 TAB),Pharma
CANDID PRICKLY HEAT POWDER (120GM),Pharma
AZULIX 3MF (15 TAB),Pharma
MINIPRESS XL 2.5MG (30 TAB),Pharma
APTAMIL GOLD 1 400 G,Pharma
NEUTROGENA OIL-FREE MOISTURISER SPF15 (115ML),Pharma
ONVIN 4 MD (10 TAB),Pharma
PEPSODENT TOOTHPASTE (MRP 20),Pharma
CALGROW XT (15 TAB),Pharma
DUZELA 20MG (10 CAP),Pharma
LOGIFEEL -IMF CREAM (50GM),Pharma
UPRISE-D3 2K (15 CAP),Pharma
KERALIN SKIN OINTMENT (15GM),Pharma
HAIR 4U F 5% (60ML),Pharma
DERMACO 1% HYALURONIC SS AQUA GEL SPF 50 (80GM),Pharma
HAMDARD NAUNEHEAL GRIPE WATER (100ML),Pharma
MEDIKER SHAMPOO 5ML,Pharma
HK VITALS FISH OIL (60 CAP),Pharma
DERMIFORD CREAM (15GM),Pharma
CAL4U DROPS (30ML),Pharma
ETOSHINE 90MG (15 TAB),Pharma
PROLOMET XL 12.5 (10 TAB),Pharma
ARBITEL MT 50 (7 TAB),Pharma
SUNBAN PRO LOTION SPF 30+ (60ML),Pharma
SOLASAFE SUNSCREEN GEL SPF50+ (50GM),Pharma
HIMALAYA GERIFORTE (100 TAB),Pharma
OLMAT H (10 TAB),Pharma
SIMVOTIN 10MG (10 TAB),Pharma
ALOGLOW-UV SUNSCREEN GEL SPF30+ (50GM),Pharma
ABSOLUTE RADIANCE SERUM (30ML),Pharma
TUGAIN 10 % (60ML),Pharma
ENDOGEST 200 SR (10 TAB),Pharma
HIMALAYA BABY MASSAGE OIL (500ML),Pharma
HIMCOCID SYRUP (200ML),Pharma
ASTHAKIND -LS EXPECTORANT COUGH SYRUP (60ML) SF,Pharma
HIMALAYA BABY POWDER (50GM),Pharma
ACTIGABA -100MG (15 TAB),Pharma
CHICCO BABY MILD BODY WASH 100ML,Pharma
LULICAN XL CREAM (50GM),Pharma
(CLOSED) DOVE DANDRUFF CARE SHAMPOO POUCH 8.5ML,Pharma
ME-D3 (10TAB),Pharma
FOLIGEM (15 TAB),Pharma
GRD THE SUPERIOR PROTEIN (200GM),Pharma
OMEZ 10MG (15 CAP),Pharma
ARORAFT (200ML) SF,Pharma
NIOSOL-F CREAM (10GM),Pharma
GLUCOPLUS -C LEMON 450GM,Pharma
ENERZAL ORANGE (75GM),Pharma
MYCODERM POWDER 150 GM,Pharma
AZITHRAL-XL 200 LIQUID (30ML),Pharma
BAIDYANATH TRIPHLA CHURAN (100GM),Pharma
JUSLINA 5MG (10 TAB),Pharma
NUHENZ D (10 TAB),Pharma
PEPSODENT TOOTHPASTE (80GM),Pharma
AMTAS AT (15TAB),Pharma
TYNOR COCCYX CUSHION SEAT,Pharma
ROSEDAY F 20 (10 TAB),Pharma
UV DOUX GOLD SUNSCREEN GEL SPF 50 (50ML),Pharma
ODOMOS NATURALS LOTION (60ML),Pharma
IBUGESIC ORANGE SUSP 100 ML,Pharma
UTWELL (10 TAB),Pharma
SUSTEN 400MG (10 CAP),Pharma
ESOFAG-D (15 CAP),Pharma
LOTUS SPF60+ (50ML),Pharma
BECOZYME C FORTE (20 TAB),Pharma
TULIPS WET WIPES 20 NOS,Pharma
FLAMINGO COOL PACK ( L ) SIZE,Pharma
A. Moist SPH 8.5 30 Lens,Pharma
CODISTAR DC COUGH SYRUP (100ML),Pharma
CLINIC PLUS SHAMPOO (50ML),Pharma
DAILYCAL 500 (15 TAB),Pharma
HAIRBLESS (10 TAB),Pharma
Renu MP Fresh  355ml,Pharma
SILDOEASE 8MG (10 TAB),Pharma
MEDIBRO N (10 TAB),Pharma
HUGGIES COMFY PANTS  L5,Pharma
SUGARFREE NATURA POWDER 100GM,Pharma
OLMAT 40 AM (15 TAB),Pharma
RICONIA LP (30 TAB),Pharma
ARGITAS SACHET (10GM),Pharma
OLMAT H 40 (15 TAB),Pharma
M2 TONE (30 TAB),Pharma
TRAVISIGHT T E/D (3ML),Pharma
NURODAY (10 CAP),Pharma
GRID M1 (10 TAB),Pharma
STARVOG 0.3 MG (10 TAB),Pharma
CENTRUM WOMEN (10 TAB),Pharma
ROSULIP ASP 75 (15 TAB),Pharma
HIMALAYA SOAP (125GM),Pharma
BRIMOLOL EYE DROPS 5 ML,Pharma
EUTHYROX 50MCG (100 TAB),Pharma
IVEPRED 16MG  (10 TAB),Pharma
L-SYS LOTION (30ML),Pharma
PROLOMET XL 25 (15 TAB),Pharma
BIGEN HAIR COLOR POWDER 6G,Pharma
EBAST M (15 TAB),Pharma
AZITHRAL EYE OINTMENT (5GM),Pharma
URSOLID 150MG (10 TAB),Pharma
WHISPER CHOICE ALOE 25RS,Pharma
GLIMY  M1 (15 TAB),Pharma
DOMPAN 10/20MG (10 TAB),Pharma
LULICAN FORTE 5% LOTION (15ML),Pharma
CLOPITAB A 75 (15 CAP),Pharma
TELISTA MT 25 (15 TAB),Pharma
TRESIBA FLEXPEN 100U/ML (3ML),Pharma
NAVRATNA OIL (27ML),Pharma
VOVILUP GEL (30GM),Pharma
NACYRES PLUS (10 TAB),Pharma
OLD SPICE AFTER SHAVE LOTION (150ML),Pharma
OLD SPICE AFTER SHAVE LOTION (100ML),Pharma
ZOCON-200MG (4 TAB),Pharma
GLYNASE MF (10 TAB),Pharma
Normal Saline NS (100ML),Pharma
ZOMELIS DM 500 (10 TAB),Pharma
HYMOIST 0.1% E/D (10ML),Pharma
SOFTERON GOLD  (10 TAB),Pharma
TELLZY 20MG (15 TAB),Pharma
BENADON 40MG (15 TAB),Pharma
FLAVIROZ OD (10 TAB),Pharma
SKORE 10PC 150 RS NEW,Pharma
CONTOUR TS STRIPS (50 STRIPS),Pharma
STOLIN R TOOTHPASTE (120GM),Pharma
EMODEL DS MOISTURIZING LOTION (200GM),Pharma
HIMALAYA ALOE VERA F/W (200ML),Pharma
BIOTIQUE SUNSCREEN LOTION (120ML),Pharma
OTOGESIC E/D,Pharma
STORAGE BOX BIG,Pharma
SORVATE C OINT (20GM),Pharma
TELSARTAN 40MG (15 TAB),Pharma
ORITAXIM O DRY SYRUP 100MG (30ML),Pharma
SMYLE MOUTH ULCER GEL (10GM),Pharma
FORACORT FORTE INHALER,Pharma
SILOFAST 4MG (15 CAP),Pharma
OXCARB 300MG (10 TAB),Pharma
OXCARB 150MG (10 TAB),Pharma
SILOFAST 8MG (15 CAP),Pharma
MANOLL TONIC (400GM),Pharma
KOFOL COUGH SYRUP (100ML),Pharma
LOTUS CLAYWHITE FACE PACK 60GM,Pharma
NUROKIND G (10 TAB),Pharma
NIVEA SUNSCREEN LOTION SPF30 (75ML),Pharma
OBORAVO 25 MG,Pharma
HALOTOP LOTION 50 ML,Pharma
CALCIROL XT TAB,Pharma
RESTYL 0.25MG (15 TAB) NRX,Pharma
CRESAR H (10 TAB),Pharma
EXERMET GM FORTE 2 (10 TAB),Pharma
VALTEC CR 300 (10 TAB),Pharma
VENLOR XR 150 (10 CAP),Pharma
OXYSPAS 5MG (10 TAB),Pharma
CARLOC 25 MG CIPLA,Pharma
BECLATE ROTACAPS 400MCG (30 CAP),Pharma
NORFLOX 200 CIPLA,Pharma
RESTYL 0.5MG (15 TAB) NRX,Pharma
DUOVIR N CIPLA,Pharma
ATORLIP 80MG (7 TAB),Pharma
OFLOX 100 REDIUSE,Pharma
DUPROST CAP,Pharma
EXERMET GM FORTE 1 (10 TAB),Pharma
CRESAR 80MG (10 TAB),Pharma
VALTEC CR 200 (10 TAB),Pharma
CPINK DROPS 15 ML,Pharma
BECLATE INHALER (200MCG),Pharma
IBUGESIC ASP TAB,Pharma
CPINK TAB,Pharma
IVABEAT 5 TABS,Pharma
CLENCIN ROLL ON LOTION (10ML),Pharma
HIMALAYA BABY HAIR OIL (100ML),Pharma
SKINLITE CREAM (25GM),Pharma
OLMIGHTY 20MG (10 TAB),Pharma
BETALOC 100MG (10 TAB),Pharma
NOVAMOX DROPS (10ML),Pharma
GLIMESTAR M2 FORTE (30 TAB),Pharma
DERMI COOL POWDER (18GM) MRP 10,Pharma
TACROVERA FORTE OINT. (15 GM),Pharma
SUMO COLD (10 TAB),Pharma
NEBICARD T (15 TAB),Pharma
LACTO CALMINE SUNSCREEN (50GM),Pharma
ZUKANORM D 10 (10 TAB),Pharma
HIMALAYA SCRUB SACHET (8GM),Pharma
IOPAR SR CAP. 10 NOS,Pharma
K GLIM M2 FORTE (15 TAB),Pharma
3M MICROPORE PAPER TAPE W/CUTTER 3INCH,Pharma
AMBI PUR ROOM FRESH 180GM,Pharma
BENADRYL COUGH SYRUP (450ML),Pharma
AER ROOM SPRAY,Pharma
AZMARDA 200MG (7 TAB),Pharma
DR ORTHO GEL (15GM),Pharma
DROTIN SUSPENSION (100ML),Pharma
GODREJ MAGIC HAND WASH MRP 10,Pharma
HYDROXYL MOUTHWASH (200ML),Pharma
SYMBICORT TURBUHALER (320/9UG),Pharma
ITRASYS CF 200 (4 CAP),Pharma
LOBATE GM NEO LOTION (25ML),Pharma
NICE SALICYLIC ACID (20GM),Pharma
COSKLOT 500MG (10 TAB),Pharma
CALDOB (15 TAB),Pharma
ELTROXIN 25MCG (120 TAB),Pharma
CADBURY CHOCLAIRS CANDY,Pharma
FCL B PROX 10 WASH (100ML),Pharma
KRACK CREAM 15 GM,Pharma
GLICRITE XR 30 (10 TAB),Pharma
CARDIVAS 25MG (10 TAB),Pharma
ISTAMET D-XR 500 (7 TAB),Pharma
ZANOCIN 100MG (10 TAB),Pharma
PHENERGAN 25 MG TAB,Pharma
MOVICOL LIQ 200 ML,Pharma
ODOMOS NATURALS LOTION (120ML),Pharma
CRESTOR 10MG (15 TAB),Pharma
ILUMAX ULTRA CREAM (20GM),Pharma
ROSULIP F 5 (10 TAB),Pharma
NOVORET NEO (10 CAP),Pharma
FOZO RED 5MG (30 TAB),Pharma
TUGAIN SOLUTION 2% (60ML),Pharma
LACTIHEP SYRUP (200ML),Pharma
ALAMIN M FORTE (10 CAP),Pharma
LYCORED PRED SACHET (5GM),Pharma
PARACHUTE HOT HAIR OIL (300ML),Pharma
CRISANTA (21 TAB),Pharma
CAZIQ PASTE (7.5GM),Pharma
AROSTAT GOLD 20 (10 CAP),Pharma
KABVIE 20MG (10 TAB),Pharma
HK VITALS COLLAGEN POWDER (200GM),Pharma
KOJIPLUS TX CREAM (15GM),Pharma
LATOPROST EYE DROPS 2.5 ML,Pharma
DAPLO 10MG (10 TAB),Pharma
VENLA XR 37.5 (10 CAP),Pharma
BIOTIQUE LIP BALM (4GM),Pharma
CANDIDOX CREAM 30 GM,Pharma
TELMA NB (10 TAB),Pharma
SOFY BODYFIT OVERNIGHT XXXL (3 NOS),Pharma
TELMA LN 40 (15 TAB),Pharma
VOVILUP P GEL (30GM),Pharma
CILACAR TM 50 (10 TAB),Pharma
NIOGENTA -F CREAM (20 GM),Pharma
BEPLEX CZS (15 TAB),Pharma
ALCROS SB 130 (10 CAP),Pharma
BIMAT LS EYE DROP (3ML),Pharma
CORTIRATE S OINTMENT (30GM),Pharma
TYNOR WRIST SPLINT AMBIDEXTROUS (L),Pharma
SOFTERON GOLD SUSPENSION (150ML),Pharma
ULTRA D3 DROPS (15ML),Pharma
LUBISTAR 0.5% (10ML),Pharma
DAPLO M 10 (10 TAB),Pharma
JALRA TRIO (10 TAB),Pharma
TELBID AM 80 (10 TAB),Pharma
IMXIA PLUS SHAMPOO (150 ML),Pharma
BANOCID FORTE (30 TAB),Pharma
ARVAST 10MG (15 TAB),Pharma
FIXDERMA NIGRIFIX CREAM (100GM),Pharma
YUGARD UNDER EYE CREAM (15GM),Pharma
YUGARD ANTI AGEING CREAM (30GM),Pharma
KLMC 1000 EFFERVESCENT (20 TAB),Pharma
OLMETOR H (15 TAB),Pharma
GATIQUIN EYE DROP (5ML),Pharma
KERASHINE (15 CAP),Pharma
BIODERMA SEBIUM GEL MOUSSANT (100ML),Pharma
SEBAMED BABY BODY LOTION (400ML),Pharma
SEBAMED BABY SHAMPOO (500ML),Pharma
SEBAMED BABY MASSAGE OIL 150 ML,Pharma
SUPRACAL (15 TAB),Pharma
EASYLAX L ORAL SOLUTION (100ML)SF,Pharma
GANS BODY MIST (200ML),Pharma
SENQUEL F TOOTHPASTE (50GM),Pharma
OGEM (10 CAP),Pharma
TACROZ FORTE SOLUTION (20 ML),Pharma
CHEENI KUM 0 CAL BOX,Pharma
SOFTOVAC SOLUTION (225ML) SF,Pharma
CURLZMOIST HAIR MOISTURIZER (100GM),Pharma
METSMALL 1000MG (15 TAB),Pharma
HK VITALS FISH OIL (40 CAP),Pharma
PROTAR SOLUTION (200ML),Pharma
VIS TEARS GEL(10ML),Pharma
KOJITIN ULTRA GEL (20GM),Pharma
DETTOL ANTISEPTIC LIQUID (5 LTR),Pharma
STARPRESS T 25 XL (15 TAB),Pharma
SYSFOL 5MG (30 TAB),Pharma
ZYDIP C LOTION (50ML),Pharma
HIMALAYA FACE WASH (100ML),Pharma
CETAPHIL SUNSCREEN KIDS SPF 50 (150ML),Pharma
DAFLON 500MG (10 TAB),Pharma
RENERVE PFS INJECTIONS 1500MCG,Pharma
DD VIT (10 TAB),Pharma
SULIDAPA 10MG (14 TAB),Pharma
CALOF D3 (10 CAP),Pharma
NEXITO 20MG (10 TAB),Pharma
CHICCO BABY SHAMPOO NO TEARS 500ML,Pharma
LULIMAC CREAM (50GM),Pharma
TYNOR KNEE CAP S,Pharma
NEW NERVUP FORTE TAB 15NOS,Pharma
D F O SPRAY 60GM,Pharma
DABUR NEEM TAIL 50ML,Pharma
GLYCINORM  M OD 60MG (10 TAB),Pharma
AZTOR 20MG (15 TAB),Pharma
MONTAIR FX SUSPENSION (60ML),Pharma
LOTUS SPF 30 (100GM),Pharma
BOROPLUS SOAP (40GM) MRP 10,Pharma
ZINCOREN EAR/EYE DROPS (10ML),Pharma
CARDACE METO 2.5 (10 TAB),Pharma
LULITEC CREAM (30GM),Pharma
NERF MD (15 TAB),Pharma
ISOLAZINE (15 TAB),Pharma
FUCIDIN OINTMENT (5GM),Pharma
FRUIT AND FOOD FEEDER,Pharma
FOLITRAX 25 MG INJECTION (1ML),Pharma
POLIEXAR 2MG (10CAP),Pharma
NUROKIND ORANGE FLAV 210 ML SYRUP,Pharma
IGIUM UNDER EYE GEL (15 ML),Pharma
PANTENE 2 IN1 SHAMPOO + CONDITIONER (180ML),Pharma
PIONORM 15MG (10 TAB),Pharma
SENSODENT KF TOOTHPASTE (75GM) @18%,Pharma
BETNESOL - N E/E DROPS 5 ML,Pharma
VIBACT DS (10 CAPS),Pharma
DETTOL SOAP SET 1*5 (100GM),Pharma
SUPRACAL ISO (15 TAB),Pharma
NEKO SOAP 75GM,Pharma
GLUTAFINE FACEWASH (70GM),Pharma
EASYSOFT E CREAM (60GM),Pharma
HOSIT FE TAB,Pharma
AZULIX SM IR 50/1000/1 (10 TAB),Pharma
AKTIV D (4 TAB),Pharma
RARICAP L SUSP. (150ML),Pharma
B12-CD3 (10 TAB),Pharma
3M EAR PLUGS,Pharma
ROZUCOR 5MG (15 TAB),Pharma
OLD SPICE DEO BODY SPRAY 140ML,Pharma
CANDITRAL SB 65 (10 CAP),Pharma
M.POKO EXTRA XL8,Pharma
MONTEK LC KID SYP. 60 ML,Pharma
FERIUM XT DROPS (15ML),Pharma
LOTUS BERRYSCRUB F/W 80 GM,Pharma
MATILDA FORTE CAP(15CAP),Pharma
TRIGLIMPER 1/15 (15 TAB),Pharma
CINTHOL SOAP (100GM) SET OF 3,Pharma
TELMA BS 2.5MG (10  TAB),Pharma
ACITROM 1MG (30 TAB),Pharma
GABANTIN-NT (10 TAB),Pharma
PRIMOSA BOOST (10 CAP),Pharma
METOSARTAN LN 25 (10 TAB),Pharma
BONNE BABY KEY RATTLE,Pharma
ROZUCOR 10MG (15 TAB),Pharma
OMRON B.P MONITOR HEM-7124,Pharma
SORBILINE SYRUP (200ML),Pharma
GABAFIX NT(10 TAB),Pharma
DEXLUZ ORAL SOLUTION (160 ML),Pharma
COQ (10 CAP),Pharma
METPURE XL 50MG (10 TAB),Pharma
CETAPHIL RESTORADERM MOISTURIZER (295 ML),Pharma
GEMFOS (4 TAB),Pharma
GREASEWELL -GM 750 (10 TAB),Pharma
ACITROM 4MG (30 TAB),Pharma
LANOXIN TAB 10 NOS,Pharma
METPURE XL 25 TAB 10 NOS,Pharma
DAPAVEL M 10/1000 (10 TAB),Pharma
THYROX 62.5 (100 TAB),Pharma
PALMIGES (15 CAP),Pharma
ACECLO PLUS (15 TAB),Pharma
NUHENZ (15 CAP),Pharma
DOLOWIN PLUS (10 TAB),Pharma
FITTY DENT POWDER (20GM),Pharma
INBILT-F SOLUTION (60ML),Pharma
VITAKIND GOLD (10 TAB),Pharma
AMARYL 3MG (30 TAB),Pharma
JOLEN HAIR REMOVAL CREAM (50GM),Pharma
FLUROSID M/WASH (160ML),Pharma
CRESOV 10MG (10 TAB),Pharma
SITAXA M 50/1000 (15 TAB),Pharma
CINOD 5MG  (20 TAB),Pharma
GARNIER HYDRA BOMB SERUM MASK,Pharma
LIFEBUOY SOAP 125/100GM (4+1),Pharma
TRUSTRETIN 10MG(10CAP),Pharma
GC TOOTH MOUSSE (40GM),Pharma
EMBETA AM 25 (10 TAB),Pharma
PONDS MEN ENERGY BRIGHT F/W 50GM,Pharma
NIVEA SOFT CREAM (200ML),Pharma
PIGEON FOOD FEEDER 6+ MONTH 240ML,Pharma
TELMA 80 AM (15 TAB),Pharma
RARICAP DROPS (30ML),Pharma
HIMALAYA ANTI DANDRUFF SHAMPOO (80ML),Pharma
COLGATE INTERDENTAL BRUSHES (4NOS),Pharma
GLUCRETA L 5/10 (10 TAB),Pharma
PANTOP INJECTION (40MG),Pharma
AIR 180MG (10 TAB),Pharma
ZYCOLCHIN (10 TAB),Pharma
DEPLATT A 150 (15 TAB),Pharma
SAT K2 7 (10 TAB),Pharma
HK VITALS MULTIVITAMIN (30 TAB),Pharma
NUROKIND NEXT (10CAP),Pharma
NOOTROPIL C (10 CAP),Pharma
MET XL 50 (20 TAB),Pharma
VERTISTAR MD 8MG (10 TAB),Pharma
COGRENO (10 TAB),Pharma
TAMDOSIN D (15 TAB),Pharma
NANOFEROL NANO SHOTS (1*4),Pharma
PREGOL NT (10 TAB),Pharma
ETOBRIX TH 4 (10 CAP),Pharma
VERTISTAR MD 16MG (10 TAB),Pharma
CALGROW (15 TAB),Pharma
ESOMAC 40 (15 TAB),Pharma
OLMESAR CH 20 (10 TAB),Pharma
BETALOC 25MG (30 TAB),Pharma
LUPIHOPE 10MG (10 TAB),Pharma
CETAPHIL BABY GENTLY WASH&SHAMPOO 400ML,Pharma
NEXPRO IT (10 CAP),Pharma
HAJMOLA SHISHI CHATCOLA,Pharma
NULONG 10MG (15 TAB),Pharma
LAKME VITAMIN C F/W (100ML),Pharma
NIMPREX P (15 TAB),Pharma
LOC TEARS FUSION E/D (10ML),Pharma
A 4 Cream (15 Gm),Pharma
FCL ALPHA BETA  ACNE GEL 30ML,Pharma
VITCOFOL CAP 30 NOS,Pharma
BONNE STEEL FEEDER (250ML),Pharma
GLYBIOTIC PLUS EAR DROP,Pharma
GLIMISAVE MV 3.3 (10 TAB),Pharma
RANOLAZ (15 TAB),Pharma
CANESTEN V6 100MG (6 TAB),Pharma
VERTISTAR MD 24 (10 TAB),Pharma
NAXUM 500 (10 TAB),Pharma
NICOGUM 2 SF (12 TAB),Pharma
JUNGLE FORMULA AFTER BITE (10ML),Pharma
ALERID SYRUP (60ML),Pharma
GILLETTE PRESTO RAZOR,Pharma
LA SHIELD FISICO SUNSCREEN (50GM),Pharma
CIPCAL XT (15 TAB),Pharma
DFO 4X GEL (50GM),Pharma
BIO D3 CAP(10CAP),Pharma
NEPHEX PLUS E/D (10ML),Pharma
SENSIEYES PLUS E/D (10ML),Pharma
ADILIP 135 (10 TAB),Pharma
ALL OUT NIGHT SPRAY (30ML),Pharma
EZORB FEM (15 TAB),Pharma
TRIPRIDE-1,Pharma
SULIDAPA MXR 10/1000 (10 TAB),Pharma
NORMALIP 10 (10 TAB),Pharma
COM-D3 STRONG (10 CAP),Pharma
ORVAS 10MG (7 TAB),Pharma
BIO TRUE LENS SOLUTION 60ML,Pharma
NEUTROGEN HYDRO BOOST REFIL (50GM),Pharma
HIMALAYA SPEMAN (60 TAB),Pharma
AMRUTANJAN BACK PAIN ROLL ON (50ML),Pharma
NIOSALIC OINTMENT (20 GM),Pharma
HIMALAYA FACE PACK SACHET,Pharma
POCT ELECTRIC BREAST PUMP,Pharma
ORG IND TULSI MASALA CHAI,Pharma
TAMLOCEPT 0.4 MG (15 CAP),Pharma
DOVE SOAP (50GM),Pharma
DROTIN A (10 TAB),Pharma
RICHAR CR 75MG (10 TAB),Pharma
CANSOFT CL VAGINAL SUPPOSITORIES (1*3),Pharma
(CLOSED) DUVADILAN RETARD 40MG (10 CAP),Pharma
TRUSOFT MOISTURIZING LOTION (100ML),Pharma
MESACOL 800MG (15 TAB),Pharma
AMRUTANJAN STOP ITCH SPRAY (100GM),Pharma
CITRO SODA POWDER (4GM),Pharma
ENDOGEST 300 SR,Pharma
BON K2 (10 TAB),Pharma
FUNGICROS NAIL LACQUER (2.5ML),Pharma
SOLFE EXTRA (15 TAB),Pharma
CLEAN & CLEAR LEMON F/W 100 ML,Pharma
ROSUBEST 5MG (10 TAB),Pharma
LIRAFIT PREFILLED PEN (6MG/ML),Pharma
VALAMAC 1000MG (3 TAB),Pharma
H-VIT (10 TAB),Pharma
FOLZIA (10 TAB),Pharma
MYLAMIN,Pharma
ESOLEMBIC-D ( 15 CAP),Pharma
SILDOEASE 8D (10 TAB),Pharma
NUTIVA GOLD (10 CAP),Pharma
COLGATE TOOTHBRUSH MRP 120,Pharma
COLGATE FLEXIBLE BRUSH,Pharma
BODYGARD SPRAY 12GM,Pharma
PHOTON 360 HYDRA SUNSCREEN (50ML),Pharma
THYROUP 100 MCG (120 TAB),Pharma
TENEFIT M FORTE,Pharma
LIQUID PARAFFIN (50ML),Pharma
NASELIN NASAL DROPS (10ML),Pharma
TECZINE M (10 TAB),Pharma
HEAD & SHOULDER CONDITIONER (200ML),Pharma
MULTI SURFACE CREAM (95GM),Pharma
PAMPER TAPED NB7,Pharma
SENQUEL F TOOTHPASTE (100GM) @18%,Pharma
ROSEDAY CV 10 (10 CAP),Pharma
ALCROS SB 50 (10 CAP),Pharma
SIMILAC PLUS 3 (400GM),Pharma
NOVEFOS SACHET (8GM),Pharma
MISS CARE FACE SHEET MASK,Pharma
ROSEDAY F 5 (10 TAB),Pharma
GLICRITE M OD 30 (15 TAB),Pharma
XULTOPHY PREFILLED 100IU/ML (3ML),Pharma
VENUSIA MOISTURISING LOTION (100ML),Pharma
CSPOR 0.05 % E/D (3ML),Pharma
COMBIPAT SOLUTION 5ML E/D,Pharma
SOLITRAL (10 CAP),Pharma
HAIRBLESS (15 TAB),Pharma
SUNBAN SOFT,Pharma
ARIOAT HAND & BODY WASH (300ML),Pharma
STIM DENOFIT DENTURE CREAM (50GM),Pharma
TSART M 40/25 (10 TAB),Pharma
CLENSTA LIP BALM,Pharma
MOXICIP 400MG (10 TAB),Pharma
CRESAR CT 40 (10 TAB),Pharma
OSTEOFOS 35MG (4 TAB),Pharma
FLUCORT SKIN CREAM (20GM),Pharma
GLUFORMIN G2 FORTE (15 TAB),Pharma
